"Название модели, книги","Бренд, издательство, фабрика, завод",Категория,"Год производства, начало выпуска модели",Окончание производства,Страна производитель,Город,Инвентаризационный номер,Тираж,"Автор, типография",Серийный номер аппарата,"Вес, гр","Размер аппарата  собранном виде, мм",Тип компоновки,Тип корпуса,Материал корпуса,Тип камеры (по размеру кадра),"Размер кадра, см","Длина открытого меха, мм",Тип фотоматериала,Затвор,Объектив,Номер объектива,Светосила,"Фокус, см"
Чайка фотовспышка,БелОМО,Другое,1965,1974,СССР,,530,,,7969-2-72,1188,180х150х65,,"Алюминий, пластмасса",,,,,,,,,,
Nettel,Zeiss Ikon,Фотоаппарат,1910,,Германия,,531,,,21054,1052,175х110х55,"Двухобъективный, горизонтальный",С раздвижным мехом,"Дерево, алюминий, медь, сталь",Среднеформатная,6х12,40,Плёнка,,Tessar,"289584,289587","1:4,5",12.0
Dr.R.Krugener,Agfa,Фотоаппарат,,,Германия,Франкфурт-на-Майне,532,,,,848,150х120х50,"Однообъективный, вертикальный",С раздвижным мехом,"Дерево, алюминий, сталь",Среднеформатная,9х12,100,Пластина,,Rapid-Aplanat,,,
Краб корпус для фотоаппарата,ЛОМО,Другое,1980,,Китай,,533,,,,382,155х130х70,"Однообъективный, горизонтальный",Жесткий,Пластмасса,,,,,,,,,
Ideal,Zeiss Ikon,Фотоаппарат,1930,,Германия,,534,,,Р 77407,1022,135х90х75,"Однообъективный, вертикальный",С раздвижным мехом,"Алюминий, кожа, сталь",Среднеформатная,6х9,120,"Пластина, плёнка",Compur,Tessar,1082977,"1:4,5",12.0
Ica Maximar 207/1,Zeiss Ikon,Фотоаппарат,1914,1926,Германия,,535,,,,888,160x110x50,"Однообъективный, вертикальный",С раздвижным мехом,"Алюминий, кожа, сталь",Среднеформатная,9х12,110,Пластина,,Novar,727807,"1:6,3",13.5
Фонарь,ФЭД,Другое,,,СССР,,536,,,,1343,220х160х160,,,Алюминий,,,,,,,,,
Mini Сamera,Zeiss Ikon,Фотоаппарат,,,Германия,,537,,,,840,180х130х50,"Однообъективный, вертикальный",С раздвижным мехом,"Дерево, медь",Среднеформатная,9х12,150,Пластина,,,,,
Пленка для фотоаппарата Киев,Арсенал,Другое,,,СССР,Киев,541,,,,55,50х30х30,,,Пластмасса,,,,,,,,,
Mikar,Pzo Warszawa,Объектив,,,Польша,Варшава,542,,,223399,79,40x40x50,,,"Пластмасса, алюминий, стекло",,,,,,,,"1:4,5",5.5
Amar,Pzo Warszawa,Объектив,,,Польша,Варшава,543,,,702008,94,45x40x50,,,"Пластмасса, алюминий, стекло",,,,,,,,"1:4,5",10.5
Фото пластинки,Завод Технических Фотопластинок,Другое,1969,,СССР,Москва,544,,,,336,100х100х30,,,Стекло,,,,,,,,,
Фото пластинки,Завод Технических Фотопластинок,Другое,1969,,СССР,Москва,545,,,,336,100х100х30,,,Стекло,,,,,,,,,
Ленинград ,Завод Вибратор,Экспонометр,,,СССР,,546,,,,151,80х60х30,,,"Пластмасса, алюминий",,,,,,,,,
Ideal,Hüttig AG,Фотоаппарат,1905,,Германия,Дрезден,547,,,,879,160х115х35,"Однообъективный, вертикальный",С раздвижным мехом,"Дерево, алюминий, сталь",Среднеформатная,9х12,100,Пластина,,Helios,126895,1:8,13.0
Objectif Menisque,Goldy,Фотоаппарат,,,Франция,,548,,,,422,105x80x115,"Однообъективный, вертикальный",Бокс камера,"Алюминий, кожа, сталь",Среднеформатная,6х9,,Плёнка,,,,,
Mercur,Hüttig AG,Фотоаппарат,1904,,Германия,,549,,,С 95563,583,140х80х190,"Однообъективный, вертикальный",Бокс камера,"Дерево, алюминий, кожа",Среднеформатная,9х12,,Пластина,,,,,
300 Instant Camera,Polaroid,Фотоаппарат,,,Китай,,550,,,,322,115х115х80,"Однообъективный, вертикальный",Бокс камера,Пластмасса,Среднеформатная,4x6,,Кассета,,,,,
Агат 18К,БелОМО,Фотоаппарат,1984,1989,СССР,,551,,,,190,60х95х45,"Однообъективный, горизонтальный",Жесткий,Пластмасса,Малоформатная,"1,8х2,4",,Плёнка,,Индустар-104,,"1:2,8",2.8
Rekam Inc.,Rekam,Фотоаппарат,,,Канада,,552,,,,136,110х65х45,"Однообъективный, горизонтальный",Жесткий,Пластмасса,Малоформатная,"2,4х3,6",,Плёнка,,,,,
Brownie Flash III,Kodak,Фотоаппарат,1940,,Англия,Лондон ,553,,,,521,75х100х115,"Однообъективный, вертикальный",Бокс камера,"Алюминий, кожа, сталь",Среднеформатная,6х9,,Плёнка,,,,,
Vidanar,Friedrich Deckel,Фотоаппарат,,,Германия,Мюнхен,554,,,,339,105х65х45,"Однообъективный, горизонтальный",С раздвижным мехом,"Алюминий, кожа, сталь",Малоформатная,3х4,15,Плёнка,Compur,Vidanar,76033,"1:2,9",5.0
Ensignette,Houghtons,Фотоаппарат,1911,1912,Британия,,555,,,,243,100х45х30,"Однообъективный, горизонтальный",С раздвижным мехом,"Медь, сталь",Малоформатная,"2,4х3,6",50,Плёнка,,,,"1:5,8",5.0
Ikonta 520/2,Zeiss Ikon,Фотоаппарат,,,США,,556,,,,571,85х160х35,"Однообъективный, вертикальный",С раздвижным мехом,"Алюминий, кожа, сталь",Среднеформатная,6х9,70,Плёнка,Derval,Novar-Anastigmat,,"1:6,3",10.5
Korelle,Friedrich Deckel,Фотоаппарат,,,Германия,Мюнхен,557,,,,455,65х125х45,"Однообъективный, вертикальный",С раздвижным мехом,"Алюминий, кожа, сталь",Среднеформатная,4х6,35,Плёнка,Compur,Radionar,461859,"1:2,9",7.5
Karat,Agfa,Фотоаппарат,,,Германия,,558,,,FM7924,396,120х70х45,"Однообъективный, горизонтальный",С раздвижным мехом,"Алюминий, бакелит, сталь",Малоформатная,"2,4х3,6",15,Плёнка,,,,,
Kodak Duo 620,Kodak,Фотоаппарат,1933,,США,,559,,,193478К,563,120х90х40,"Однообъективный, горизонтальный",С раздвижным мехом,"Алюминий, кожа, сталь",Среднеформатная,4х6,35,Плёнка,Compur,Kodak-Anastigmat,1225129,"1:4,5",7.5
Brillantar,Vitaflex,Фотоаппарат,,,Германия,,560,,,,707,70х125х95,"Двухобъективный, вертикальный",Бокс камера,"Алюминий, кожа, сталь",Среднеформатная,6х6,,Плёнка,,Anastigmat,262261,"1:3,5",7.5
№3 brownie,Kodak,Фотоаппарат,1894,1902,США,,561,,,,670,110х130х155,"Однообъективный, вертикальный",Бокс камера,"Дерево, алюминий, кожа",Среднеформатная,9х12,,Плёнка,,,,,
Selenium,Zeiss,Экспонометр,1950,,Германия,,562,,,,139,60х80х30,,,Пластмасса,,,,,,,,,
Posemwtre,LMT,Экспонометр,1940,,,,563,,,,153,55х80х25,,,Пластмасса,,,,,,,,,
Pleaser ,Kodak,Фотоаппарат,1977,1982,США,,564,,,,818,170х140х140,"Однообъективный, горизонтальный",Жесткий,Пластмасса,Среднеформатная,6х9,,Плёнка,,,,,
Eos,EOS,Экспонометр,,,,,565,,,,98,50х70х25,,,Пластмасса,,,,,,,,,
Мозаичные светофильтры,Московский Завод Технических Фотопластинок,Другое,1990,,СССР,,566,,,,202,95х95,,,Стекло,,,,,,,,,
Мозаичные светофильтры,Московский Завод Технических Фотопластинок,Другое,1990,,СССР,,567,,,,211,95х95,,,Стекло,,,,,,,,,
Tenax,Zeiss Ikon ,Фотоаппарат,,,Германия,Берлин,568,,,,1093,110х155х45,"Однообъективный, вертикальный",С раздвижным мехом,"Алюминий, кожа, сталь",Среднеформатная,6х9,90,Пластина,Compur,DiaLytar,64700,"1:4,5",13.5
Jhagee,Exacta,Фотоаппарат,,,Германия,Дрезден,569,,,632708,757,145х85х75,"Однообъективный, горизонтальный",Жесткий,"Алюминий, кожа, сталь",Малоформатная,"2,4х3,6",,Плёнка,,Tessar,,"1:3,5",5.0
Le Glyphoscope,J.Richard,Фотоаппарат,,,Париж,,570,,,24894,458,135x60x75,"Двухобъективная, горизонтальная, стерео",Жесткий,Медь,Среднеформатная,"4,5х4,5",,Пластина,,,,,
Jdeal 250/3,Zeiss Ikon,Фотоаппарат,,,Германия,,571,,,,794,90x125x45,"Однообъективный, вертикальный",С раздвижным мехом,"Алюминий, кожа, сталь",Среднеформатная,6х9,75,Пластина,Compur,Tessar,1094-75,"1:4,5",12.0
Aplonat №2,Rapid Weitwinkel,Фотоаппарат,,,Германия,,572,,,,740,130x165x60,"Однообъективный, вертикальный",С раздвижным мехом,"Дерево, медь",Среднеформатная,9х12,120,Пластина,Rapid ,,,,
Junka,Junka-Werke,Фотоаппарат,1930,,Германия,Нюрнберг,573,,,,141,90х55х45,"Однообъективный, горизонтальный",Жесткий,Алюминий с покрытием,Малоформатная,3х4,,Плёнка,,,,"1:8,0",4.5
Bomela Ko Livolsky,Bomela Ko Livolsky,Фотоаппарат,,,Франция,,574,,,,1696,175х245х60,"Однообъективный, вертикальный",С раздвижным мехом,"Дерево, медь",Форматный,12х18,220,Пластина,,,,,
Мetrostyle,Choralion Company m.b.H,Другое,1821,,Германия,Берлин,575,,,,776,340х60,,,,,,,,,,,,
Еhemodist,Choralion Company m.b.H,Другое,,,Германия,,576,,,,778,340х60,,,,,,,,,,,,
"Диаскоп 2 ""Ленинград""","Завод ""ОРГТЕХНИКА""",Другое,,,СССР,,577,,,,36,100х50х15,,,,,,,,,,,,
Ёлочка,Оборонная промышленность Советского Союза,Фотоаппарат,,,СССР,,579,,,,692,220х75х65,"Однообъективный, горизонтальный",Жесткий,"Алюминий, сталь",Форматный,"18х24 (2х2,5)",,Плёнка,,Индустар ,40310,"1:5,6",3.0
Vitoret,Voigtländer,Фотоаппарат,,,Германия,,580,,,448985,558,125х90х70,"Однообъективный, горизонтальный",Жесткий,"Алюминий, сталь",Малоформатная,"2,4х3,6",,Плёнка,Prontor 125,Color-Lanthar,,"1:2,8",5.0
Karat,Agfa,Фотоаппарат,,,Германия,,581,,,CR 9327,445,115х70х55,"Однообъективный, горизонтальный",С раздвижным мехом,"Алюминий, сталь",Малоформатная,"2,4х3,6",10,Плёнка,Compur,Solinar,697292,"1:3,5",5.0
Фото-фонарь,Промкомбинат Дзержинского,Другое,1932,,СССР,Ленинград,582,,,,760,210х110х160,,,"Жесть, дерево",,,,,,,,,
Ombrux,Orig. Gossen,Экспонометр,1933,,Германия,,583,,,,182,60х75х30,,,Пластмасса,,,,,,,,,
Detektiv,Ernemann,Фотоаппарат,,,Германия,,584,,,,356,70х90х40,"Однообъективный, вертикальный",С раздвижным мехом,"Дерево, сталь",Среднеформатная,4х6,50,Пластина,"Ckronos""C""",Aplanet,573500,"1:6,8",8.0
Vest Pocket,Kodak,Фотоаппарат,1902,,США,,585,,,470558,324,120х65х25,"Однообъективный, вертикальный",С раздвижным мехом,"Алюминий, сталь",Малоформатная,"2,4х3,6",60,Плёнка,,,,,
Premo,Kodak,Фотоаппарат,1902,,США,,586,,,2262,899,135х160х50,"Однообъективный, вертикальный",С раздвижным мехом,"Дерево, сталь",Среднеформатная,4х5,120,Пластина,,Kodak Anastigmat,81328,"1:7,7",15.2
Bergheil,Voigtländer,Фотоаппарат,1933,,Германия,,587,,,,1219,115х155х50,"Однообъективный, вертикальный",С раздвижным мехом,"Алюминий, кожа, сталь",Среднеформатная,6х9,110,Пластина,Compur,Voigtländer Anastigmat,713685,"1:4,5",10.5
Box-Tengor 54/2,Zeiss Ikon,Фотоаппарат,,,Германия,,588,,,,527,75х105х115,"Однообъективный, вертикальный",Бокс камера,"Алюминий, кожа, сталь",Среднеформатная,6х9,,Плёнка,,,,,
Валик для накатки фотографий,,Другое,,,СССР,,591,,,,218,190х175х35,,,"Дерево, резина",,,,,,,,,
Ф21,КМЗ,Фотоаппарат,,,СССР,,592,,,П96162,183,70х55х40,"Однообъективный, вертикальный",Жесткий,"Алюминий, кожа",Малоформатная,"1,8х2,4",,Плёнка,,,,,
Ikonta 520/2,Zeiss Ikon,Фотоаппарат,,,США,,593,,,,619,85х160х35,"Однообъективный, вертикальный",С раздвижным мехом,"Алюминий, кожа, сталь",Среднеформатная,6х9,70,Плёнка,Derval,Novar-Anastigmat,936608,"1:6,3",10.5
Periscop-Aplanat,CM&Co,Фотоаппарат,,,,,594,,,,625,120x150x45,"Однообъективный, вертикальный",С раздвижным мехом,"Алюминий, кожа, сталь",Среднеформатная,9x12,130,Пластина,,,,,
Bergheil,Voigtländer,Фотоаппарат,,,Германия,,595,,,,1152,110x150x55,"Однообъективный, вертикальный",С раздвижным мехом,"Алюминий, кожа, сталь",Среднеформатная,9x13,140,Пластина,Compur,Skopar,663734,"1:4,5",10.5
Search Results,Kamera Werkstatten,Фотоаппарат,1920,,Германия,Дрезден,596,,,,435,90x120x35,"Однообъективный, вертикальный",С раздвижным мехом,"Алюминий, кожа, сталь",Среднеформатная,6x9,80,Пластина,Ibsor,,402227,"1:4,5",10.5
Визуальный Э201 ,Рапри,Экспонометр,,,СССР,Москва,597,,,9851-79,131,95х130х40,,,Пластмасса,,,,,,,,,
Binolux 115 115,Binolux,Бинокль,,,Англия,,598,,,333120,413,130x65x55,,,"Пластмасса, алюминий, сталь",,,,,,,,,
AF-2 ,Univex,Фотоаппарат,1930,1940,США,,599,,,,165,55x95x20,"Однообъективный, вертикальный",С раздвижным мехом,"Алюминий, кожа",Малоформатная,"2,4х3,6",30,Плёнка,Snap,,,,
Minuts 16,Universal Camera Corporation,Фотоаппарат,1950,,США,,600,,,,185,25x45x70,"Однообъективный, вертикальный",Жесткий,Алюминий,Малоформатная,"1х1,8",,Плёнка,,,,,
Киев-Вега,Арсенал,Фотоаппарат-Фонарик,,,,,601,,,,269,70х105х25,,,Алюминий,,,,,,,,,
Baldessa,Balda,Фотоаппарат,1958,,Германия,,602,,,66776,558,120x90x65,"Однообъективный, вертикальный",Жесткий,"Алюминий, кожа, сталь",Малоформатная,"2,4х3,6",,Плёнка,Prontor-SLK,Baldanar,,"1,2:8",4.5
Brownie Reflex Synchro,Kodak,Фотоаппарат,1940,1952,США,,603,,,,421,90x120x50,"Однообъективный, вертикальный",Жесткий,"Алюминий, кожа, сталь",Малоформатная,3x4,,Плёнка,,,,,
Brownie Reflex Synchro,Kodak,Фотоаппарат,1940,1952,США,,604,,,,415,90x120x50,"Однообъективный, вертикальный",Жесткий,"Алюминий, кожа, сталь",Малоформатная,3x4,,Плёнка,,,,,
A-120,Kodak,Фотоаппарат,1902,1917,США,,605,,,251774,609,95x165x30,"Однообъективный, вертикальный",С раздвижным мехом,"Алюминий, кожа",Среднеформатная,6x9,65,Плёнка,,,14044,,
Foth-Derby,CF & Co.,Фотоаппарат,,,Германия,Берлин,606,,,,452,115х60х30,"Однообъективный, горизонтальный",С раздвижным мехом,"Алюминий, кожа",Среднеформатная,3x4,20,Плёнка,,Foth Anastigmat,,"1:3,5","5,0"
№2 Brownie,Kodak,Фотоаппарат,,,Германия,,607,,,,552,85х125х160,"Однообъективный, вертикальный",Бокс камера,"Дерево, кожа",Среднеформатная,9x12,,Плёнка,,,,,
Смена Символ,ЛОМО,Фотоаппарат,,,СССР,,608,,,,981,190х80х60,"Двухобъективная, горизонтальная, стерео",Жесткий,"Алюминий, бакелит",Среднеформатная,"2,4х3,6",,Плёнка,,Т-43,,,
Компас,,Другое,,,,,613,,,,36,50х50х20,,,Дерево,,,,,,,,,
ТА -57,Телефон,Другое,,,СССР,,614,,,472,2290,220х155х75,,,Пластмасса,,,,,,,,,
Фонарь,СэМаЗ,Другое,1983,,СССР,,615,,,30696,2021,230х130х140,,,Пластмасса,,,,,,,,,
Фотопластина,Фотостудия №1,Другое,1926,,СССР,,618,,,,101,130х180х3,,,Стекло,,,,,,,,,
Фотопленка 65 ,Тасма,Другое,1984,,СССР,,620,,,,17,50х25х25,,,,,,,,,,,,
Проявитель для пленки,"Завод ""Чистых солей""",Другое,,,СССР,,621,,,,63,,,,,,,,,,,,,
Фиксаж кислый,Горпромсовет Горхимпромсоюз,Другое,1954,,СССР,,622,,,,87,,,,,,,,,,,,,
Фотопленка 32,Свема,Другое,1993,,СССР,,623,,,,18,55х35х35,,,,,,,,,,,,
Фотопленка 64,Свема,Другое,1993,,СССР,,624,,,,21,55х35х36,,,,,,,,,,,,
Фотопленка 64,Тасма,Другое,1984,,СССР,,625,,,,17,50х25х25,,,,,,,,,,,,
Фотовспышка ФЭ-26,Данко,Другое,1988,,СССР,,626,,,,136,55х55х30,,,Пластмасса,,,,,,,,,
Фотовспышка Б5-21,Данко,Другое,,,СССР,,627,,,,337,85х75х35,,,Пластмасса,,,,,,,,,
"Пластина ""Дъва Днесь"", ""Задостойнихъ Рождеству Христову""",Зонофон,Другое,,,СССР,Москва - С-Петербург - Рига,628,,,"10243, 10241",,,,,,,,,,,,,,
"Пластина ""Лънь, шуточная пъсня Башарина"", ""За морем синичка,русск. Плясовая пъсня""",Зонофон,Другое,,,СССР,Москва - С-Петербург - Рига,629,,,"223120, 223119",,,,,,,,,,,,,,
"Пластинка ""Стеклянная Струя""","Кисловодская Контора ""Курортторг""",Другое,,,СССР,Кисловодск,631,,,,,,,,,,,,,,,,,
Vintage Camera,Voigtländer,Фотоаппарат,,,Германия,,634,,,,1693,170х240х110,"Однообъективный, вертикальный",С раздвижным мехом,"Дерево, медь",Форматный,12х18,220,Пластина,,,,,
Vintage Camera,Zeiss Ikon,Фотоаппарат,,,США,,635,,,,2650,220х265х120,"Однообъективный, горизонтальный",С раздвижным мехом,"Дерево, медь",Форматный,12х18,260,Пластина,Meter,Tessar,451027,"1:4,5",16.5
Euryscope ,Voigtländer,Фотоаппарат,,,Германия,,636,,,,2350,220х250х150,"Однообъективный, вертикальный",С раздвижным мехом,"Дерево, медь",Форматный,12х18,240,Пластина,,Eclour №2,,,
Periscop-Altissar,Altissa,Фотоаппарат,1938,,Германия,,641,,,,315,120x70x75,"Однообъективный, вертикальный",Бокс камера,"Алюминий, кожа",Среднеформатная,6x6,,Плёнка,,,,1:8,
Model B,Brownie Camera,Фотоаппарат,1916,,США,,642,,,,563,130x85x160,"Однообъективный, вертикальный",Бокс камера,"Дерево, кожа",Среднеформатная,6x9,,Плёнка,,,,,
Q.R.S. Kamra,Kodak,Фотоаппарат,,,США,Чикаго,643,,,,844,180x70x75,"Двухобъективная, горизонтальная",Жесткий,"Алюминий, бакелит",Малоформатная,"2,4х3,6",,Плёнка,Compur-Rapid,Ektar,"1618443
1640468","1:3,5",8.0
Box Dresden 46,Certo,Фотоаппарат,,,Германия,,644,,,,507,110x70x130,"Однообъективный, вертикальный",Бокс камера,"Дерево, кожа",Среднеформатная,6x9,,Плёнка,,,,,
Часы-Фотоаппарат,,Другое,,,,,645,,,,200,45x60x40,,,Сталь,,,,,,,,,
Ikon,Zeiss Ikon,Фотоаппарат,,,Германия,,646,,,,797,150х110х45,"Однообъективный, вертикальный",С раздвижным мехом,"Алюминий, кожа, сталь",Среднеформатная,9х12,100,Пластина,Derval,Novar-Anastigmat,792743,"1:3,6",13.5
Standard,Agfa,Фотоаппарат,,,Германия,,647,,,668/7,1092,150x100x60,"Однообъективный, вертикальный",С раздвижным мехом,"Алюминий, кожа, сталь",Среднеформатная,9х12,80,Плёнка,,Anastigmat,292309,"1:6,3",13.5
Weltax,Welta,Фотоаппарат,1938,1947,Германия,,648,,,,599,130x90x45,"Однообъективный, вертикальный",С раздвижным мехом,"Алюминий, кожа, сталь",Среднеформатная,4х6,40,Плёнка,Junior,Anastigmat Victar,,"1:4,5",7.5
Onito,Contess Nettel,Фотоаппарат,1919,1926,Германия,,649,,,,501,110х85х50,"Однообъективный, вертикальный",С раздвижным мехом,"Дерево, кожа, сталь",Среднеформатная,6x9,70,Пластина,Vario,Fator,,"1:6,3",13.5
Model D Six-20,Brownie Camera,Фотоаппарат,1946,1957,США,Лондон ,650,,,,515,95х75х110,"Однообъективный, вертикальный",Бокс камера,"Дерево, кожа",Среднеформатная,6x9,,Плёнка,,,,,6.2
Ibsor,Ibsor,Фотоаппарат,,,Германия,Дрезден,651,,,,1067,145х100х50,"Однообъективный, вертикальный",С раздвижным мехом,"Алюминий, кожа, сталь",Среднеформатная,9х12,90,Пластина,,Trinar-Anastigmat,269123,"1:4,5",13.5
Радиоприемник Нейва 402,Каменск-Уральский приборостроительный завод,Другое,1975,,СССР,Каменск-Уральский,652,,,,384,75х135х40,,,Пластмасса,,,,,,,,,
Electro Bewi,Elektro Bewi,Экспонометр,,,Германия,,653,,,875,167,65х55х30,,,Сталь,,,,,,,,,
Ikophot,Zeiss Ikon,Экспонометр,,,Германия,,654,,,1328/1,143,70x50x25,,,Бакелит,,,,,,,,,
Prontor II,Welta,Фотоаппарат,,,Германия,,656,,,,681,115x80x40,"Однообъективный, вертикальный",С раздвижным мехом,"Алюминий, кожа, сталь",Среднеформатная,4х6,85,Пластина,Prontor II,Trioplan,511656,"1:4,5",12.0
Bessa,Voigtländer,Фотоаппарат,,,Германия,,657,,,,533,160x80x35,"Однообъективный, вертикальный",С раздвижным мехом,"Алюминий, кожа, сталь",Среднеформатная,6x9,60,Плёнка,,Volgtar,,"1:6,3",10.5
Ica Frona 110,Zeiss Ikon,Фотоаппарат,,,Германия,,658,,,L 11810,526,120x80x35,"Однообъективный, вертикальный",С раздвижным мехом,"Алюминий, кожа, сталь",Среднеформатная,6x9,60,Пластина,Telma,,,,
Model B-4,Kodak,Фотоаппарат,1912,1915,США,,659,,,,783,190x110x45,"Однообъективный, вертикальный",С раздвижным мехом,"Дерево, кожа, сталь",Среднеформатная,9х12,90,Плёнка,Rapid,,,,
Union,Zeiss Ikon,Фотоаппарат,,,Германия,,660,,,70,1150,180x130x70,"Однообъективный, вертикальный",С раздвижным мехом,"Дерево, кожа, медь",Среднеформатная,9х12,170,Пластина,,Carl Zeiss Jena,44453,,
Стереоскоп,View master,Другое,1942,1951,США,,661,,,,200,90x100x80,,,Пластмасса,,,,,,,,,
Ленинград ,Оптэк,Экспонометр,1947,,СССР,,662,,,,30,60х40х20,,,Пластмасса,,,,,,,,,
Фото-Фонарь,Завод Фотопринадлежностей,Другое,,,СССР,Москва,663,,,,570,155х100х110,,,"Алюминий, пластмасса",,,,,,,,,
Кинокамера Полуавтомат 16,КМЗ,Другое,,,СССР,Красногорск,664,,,6803553,2346,190х160х60,"Однообъективный, вертикальный",Жесткий,"Сталь, бакелит",,"7,5х10",,Кассета,,Вега-9,684954,"1:1,9",
Набор 3D картинок для стереоскопа,View-Master ,Другое,,,США,,665,,,,439,125х9580,,,Бумага,,,,,,,,,
Vintage ,Voigtländer,Фотоаппарат,,,Германия,Мюнхен,666,,,,810,155х120х50,"Однообъективный, вертикальный",С раздвижным мехом,"Дерево, кожа, сталь",Среднеформатная,9х12,110,Пластина,Vario,Doppel Anastigmat,,"1:6,3",13.5
Billy - Record,Agfa,Фотоаппарат,,,Германия,,667,,,,555,155х80х35,"Однообъективный, вертикальный",С раздвижным мехом,"Алюминий, кожа, сталь",Среднеформатная,6x9,60,Плёнка,,Anastigmat-Jgestar,,,7.7
Фото-Фонарь,,Другое,,,,,668,,,,357,145х90х80,,,Алюминий,,,,,,,,,
Кинокамера Киев 16С-3,Завода Точприбор,Другое,1966,1971,СССР,Киев,669,,,1124-67,6200,145х90х50,"Двухобъективная, вертикальная",Жесткий,"Сталь, пластмасса, кожа",,,,Кассета,,Индустар-50,6604100,"1:3,5
1:2,8","5,0
2,0"
Ormaf Studio Master 541,Polaroid,Фотоаппарат,1997,,Италия,,670,,,3110,3718,170х220х160,"Пятиобъективный, вертикальный",Жесткий,Пластмасса,Среднеформатная,"8х11, 4х5 ",,Кассета,,,,"1:1,2",
CU-5 land camera 3,Polaroid,Фотоаппарат,1964,,Нидерланды,,671,,,EH9081A,2816,170х110х220,"Однообъективная, горизонтальная",Жесткий,"Алюминий, пластмасса",Среднеформатная,8х11,,Кассета,,Tominon,116662,"1:4,5",7.5
Lloyd 535,Ica,Фотоаппарат,1910,1912,Германия,Дрезден,672,,,,2256,210х115х45,"Однообъективный, вертикальный",С раздвижным мехом,"Дерево, кожа, сталь",Среднеформатная,9х12,90,Пластина,Rapid,Helios,216210,"1:8,0",13.0
Кинокамера Спорт-4,ЛОМО,Другое,1971,1973,СССР,,673,,,7307628,2820,120х95х55,"Однообъективный, вертикальный",Жесткий,"Сталь, алюминий",,,,Плёнка,,Т-51,,"1:2,8",10.0
Кинокамера Лада,ЛОМО,Другое,1963,1975,СССР,,674,,,,7050,150х100х60,"Однообъективный, вертикальный",Жесткий,"Сталь, кожа",,,,Плёнка,,ПФ-2,,"1:7,9",3.7
Berlin,C. P. Goerz,Фотоаппарат,,,Германия,Берлин,675,,,,4660,210х230х85,"Однообъективный, вертикальный",С раздвижным мехом,"Дерево, медь",Форматный,13х18,250,Пластина,,Doppel Anastigmat,102394,,
Model 800,Keystone,Фотоаппарат,1975,,США,,676,,,,1856,180х130х135,"Однообъективная, горизонтальная",Жесткий,Пластмасса,Среднеформатная,8х11,,Кассета,,,,,
Фотопленка Изопанхром -65,Шосткинский химический завод,Другое,,,УССР,Шостка,677,,,,,,,,,,,,,,,,,
,,Резак для фотобумаги,,,СССР,,678,,,,190,,,,"металл, пластмасс",,,,,,,,,
,,Резак для фотобумаги,,,СССР,,679,,,,335,,,,"металл, пластмасс",,,,,,,,,
"Бромо-желатинные пластины ""Электра Экспрессъ""","Фабрично торговое товарищество ""Р.Кёлеръ и Ко""",Другое,1872,,Российская Империя,,680,,Роберт Кёлер,2158,456,130х96х28,,,,,,,,,,,,
Театральный бинокль,,Бинокль,,,Франция,Париж,681,,,,263,100х50х30,,,"Латунь, перламутр",,,,,,,,,
Штатив фотографический ,,Штатив,,,,,733,,,,447,,,,"Сталь, латунь",,,,,,,,,
Super Sport Dolly,Certo,Фотоаппарат,1937,,Германия,,734,,,,715,135х80х34,"Однообъективная, вертикальная",С раздвижным мехом,"Кожа, сталь",Форматная,6х6,45,Пластина,Compur,R.Decbel-Munchen,656292,"1:2,9",7.5
Vollenda, Nagel,Фотоаппарат,1925,,Германия,,735,,,,363,102х64х25,"однообъективная, горизонтальная",С раздвижным мехом,"кожа, сталь",форматная,,35,пленка,Compur,Carl Zeiss Jena,1271472,"1:3,5",5.0
Bergheil,Voigtländer,Фотоаппарат,1923,1930,Германия,,736,,,,833,128х95х40,"Однообъективная, вертикальная",С раздвижным мехом,"кожа, сталь",Форматная,"4,5х6",130,Пластина,Compur,Voigtlander Braunschweig Heliar,392854,"1:4,5",10.5
Jhagee Dresden,Exacta,Фотоаппарат,,,Германия,Дрезден,737,,,,546,165х95х30,"Двухобъективная, горизонтальная",С раздвижным мехом,"кожа, сталь",форматная,,55,Пластина,Pronto,Meyer-Goerlitz,343345,1:6,8.0
Voigtländer Virtus Germany,Voigtländer,Фотоаппарат,1933,,Германия,Брауншвейг,738,,,,529,125х75х34,"Однообъективная, вертикальная",С раздвижным мехом,"кожа, сталь",форматная,"6х4,5",68,Пленка,Compur,Voigtlander Anastigmat Skopar ,836474,"1:3,5",7.5
Billy-Record,Agfa,Фотоаппарат,1938,1960,Германия,,739,,,,523,150х75х30,"Однообъективная, вертикальная",С раздвижным мехом,"Кожа, сталь",форматная,,73,Пленка,Agfa,Agfa Anastigmat Jgestar,,"1:6,3",10.0
Зенит ЕТ,КМЗ,фотоаппарат,1980,1995,СССР,Красногорск,740,,,,869,134х30х80,"Однообъективная, горизонтальная",Жесткий,"Алюминий, пластик, сталь",форматная,24х36,,пленка,,Гелиос -44м-4,90036341,,
Carl Zeiss Jena,Carl Zeiss Jena,Объектив,,,Германия,,741,,,,127,,,,"метал, стекло",,,,,,,3050512,1:2,5.0
Box-Tengor 54/2,Zeiss Ikon,Фотоаппарат,1924,1928,Германия,Дрезден,742,,,,544,112х70х103,"Однообъективная ,вертикальная",Бокс камера,Алюминий,Форматная,6х9,,Пленка,,Goerz Frontar D.R.P,,,
Jhagee Dresden,Exacta,Фотоаппарат,1933,,Германия,,743,,,,835,140х45х65,"Однообъективная ,горизонтальная",,"Сталь, хромированная сталь",Форматная,,,Пленка,,Carl Zeiss Jena,3043731,1:2,5.8
Фотопленка Or Wo chrom UT21,Filmfabrik Wolfen,Другое,1964,,Германия,Вольфен ,744,,,,7,40х24х24,,,,,,,,,,,,
Extra-Rapid,Helios,Фотоаппарат,1909,,Германия,Дрезден,745,,,,1163,159х127х156,"Однообъективная, вертикальная",С раздвижным мехом,"Дерево, метал",Форматная,,160,Пластина,,"Ica. Akt-Ges. Exstra-Rapid-Aplanat ""Helios""",201003,1:8,13.0
Weltwinkel Aplanat Ser.C.F :15 №2,Emil Busch,Фотоаппарат,1866,,Германия,,746,,,,730,167х130х167,"Однообъективная, вертикальная",С раздвижным мехом,"Дерево, метал",форматная,,100,Пластина,,Weltwinkel Aplanat Ser.C.F :15 №2,,,10.5
Jhagee,Jhagee,Фотоаппарат,1916,,Германия,,747,,,,1016,152х115х152,"Однообъективная, вертикальная",С раздвижным мехом,"Кожа, сталь",Форматная,"6,5х9",150,Пластина,Compur,Doppel Anastigmat Veraplan,508830,"1:4,5",13.5
Meyer-Gorlitz,Meyer-Optik ,Фотоаппарат,1928,1944,Германия,,748,,,,504,122х120х43,"Однообъективная, вертикальная",С раздвижным мехом,"Кожа, сталь",Форматная,9х12,100,Пластина,Compur,Meyer-Goerlitz Anastigmat Trioplan,414738,"1:4,5",10.5
Jeric 'E',Фабрика Анатолия Феликсовича Вернера,Фотоаппарат,1910,,Российская империя,Харьков,749,,,,2111,210х237х76,"Однообъективный, вертикальный",С раздвижным мехом,"Дерево, метал",Форматная,,230,Пластина,,,,,
"Электро-фото глянцеватель ""ЭФГ""",Рижский электромеханический завод ,Другое,1981,,СССР,Рига,750,,,,1968,340х215х50,,,,,,,,,,,,
Blasewitz-Dresden,Ferd. Franz Meyer,Фотоаппарат,1897,,Германия,Дрезден,751,,,,2383,216х265х55,"Однообъективный, вертикальный",С раздвижным мехом,"Дерево, метал",Форматная,,235,Пластина,,Aplanastiymat W.Kenngott Paris,,,
Фото портрет на тарелке №1,,Другое,,,СССР,,752,,,,90,,,,Пластик,,,,,,,,,
Фото портрет на тарелке №2,,Другое,,,СССР,,753,,,,88,,,,,,,,,,,,,
"Фотовспышка ""Электроника ФЭ-27""",,Другое,1980,,СССР,,754,,,,236,,,,,,,,,,,,,
Carl Zeiss Jena WERRA I,Werra,Фотоаппарат,1959,,ГДР,,755,,,,450,106х30х70,"Однообъективный, горизонтальный",Жесткий,Сталь,Форматная,24х36,,Плёнка,,"Carl Zeiss Jena Tessar 2,8/50",4540049,,
Фотопленка Or Wo chrom UT18,Filmfabrik Wolfen,Другое,1964,,Германия,Вольфен ,756,,,,7,40х24х24,,,,,,,,,,,,
Компас,,Другое,,,,,757,,,,47,Диаметр 40 мм,,,Латунь,,,,,,,,,
Фото бумага,Фабрика фото бумаг,Другое,1940,,СССР,Ленинград,758,,,,31,,,,,,,,,,,,,
Зенит 122К,КМЗ,Фотоаппарат,1990,2005,"СССР, Россия",Красногорск,759,,,,800,132х30х80,"Однообъективная, горизонтальная",Жесткий,"Алюминий, пластик, сталь",форматная,24х36,,Пленка,,MC Helios-44K-4,9629769,1:2,5.8
ЛК-А Ломо-компакт-автомат,ЛОМО,Фотоаппарат,1983,,СССР,Ленинград,760,,,,257,104х28х61,"Однообъективный, горизонтальный",Жесткий,"Сталь, пластмасса",Форматная,24х36,,Пленка,,Minitar 1,,"1:2,8",3.2
Mec 16,Feinwerktechnik GmbH ,Фотоаппарат,1950,1960,ГДР,Лара,761,,,6590185,228,100х30х60,"Однообъективная, горизонтальная",Жесткий,"Метал, пластик",Форматная,10х14,,Пленка,,,,"1:2,8",2.0
Киев 30М,Арсенал,Фотоаппарат,1975,1987,СССР,Киев,762,,,8903329,174,83х25х43,"Однообъективная, горизонтальная",Жесткий,"Алюминий, пластик, сталь",Микроформатная,13х14,,Пленка (16 -мм фотопленка),,Индустар-М,,"1:3,5",2.3
Детективная камера Micro 16,Whittaker,Фотоаппарат,1946,,США,Лос-Анжелес,763,,,,264,70х25х51,"Однообъективная, горизонтальная",Жесткий,Сталь,Микроформатная,,,Пленка (16 -мм фотопленка),,,,,
Minolta Weathermatic A для подводной съемки,Minolta,Фотоаппарат,,,Япония,,764,,,1106500,346,170х36х70,,,,,,,,,,,,
Шпионская камера Minolta-16, Minolta,Фотоаппарат,,,Япония,,765,,,817174,158,77х22х40,"Однообъективная, горизонтальная",Жесткий,сталь,Микроформатная,,,Пленка,,Rokkor,,"1:2,8",2.2
Minolta-16 MG, Minolta,Фотоаппарат,1966,,Япония,,766,,,141228,160,100х22х37,"Однообъективный, горизонтальный",Жесткий,Сталь,Микроформатная,10х14,,Пленка(16-мм фотопленка),,Rokkor,,"1:2,8",2.0
Graffiti,Kodak,Фотоаппарат,1988,,Мексика,,767,,,,168,160х27х55,"Однообъективная, горизонтальная",Жесткий ,Пластик,Малоформатная,"2х2,3",,Пленка ,,,,,
Minox Leica M3,Ernst Leitz,Фотоаппарат,,,Германия,,768,,,82047936,87,63х30х40,"Однообъективная, горизонтальная",Жесткий,"Алюминий, пластик",Малоформатная,6х8,,,,Minoctar,,,9.6
Вега-2,Арсенал,Фотоаппарат ,1961,1964,СССР,Киев,769,,,120401,170,82х23х41,"Однообъективный, горизонтальный",Жесткий ,Нержавеющая сталь,Микроформатный,10х14,,Пленка (16-мм фотопленка),,Индустар-М,,,
Киев-303,Арсенал,Фотоаппарат,1990,,СССР,Киев,770,,,9228592,147,78х25х42,"Однообъективная, горизонтальная",Жесткий,"Нержавеющая сталь, пластик",Микроформатная,13х17,,Пленка (16-мм фотопленка),,Индустар-М,,,
Minolta 16 QT,Minolta,Фотоаппарат,,,Япония,,771,,,146901,156,105х25х40,"Однообъективная, горизонтальная",Жесткий ,Пластик,Среднеформатная,12х7,,Пленка (16-мм фотопленка),,Rokkor,,"1:3,5",
Mikroma,Meopta,Фотоаппарат,,,Чехия,,772,,,,210,72х27х35,"Однообъективная, горизонтальная",Жесткий,"Нержавеющая сталь, кожа",Микроформатная,11х14,,Пленка (16-мм фотопленка),,Meopta Mirar,,"1:3,5",2.0
Minolta-16 MG-S,Minolta,Фотоаппарат,1970,,Япония,,773,,,158966,207,103х25х42,"Однообъективная, горизонтальная",Жесткий,"Нержавеющая сталь, пластик",Микроформатная,12х17,,Пленка (16-мм фотопленка),,Rokkor,,"1:2,8",2.3
Steky III B,Steky,Фотоаппарат,1949,,Япония,,774,,,,153,60х30х25,"Однообъективная, горизонтальная",Жесткий ,"Нержавеющая сталь, кожа",Микроформатная,10х14,,Пленка (16-мм фотопленка),,Riken Stekinar,,"1:3,5",2.5
Шпионская камера Minox Riga,Minox,Фотоаппарат,1938,,Германия,,775,,Изобрел Вальтер Зеппа,,96,95х16х27,"Однообъективная, горизонтальная",Жесткий,Алюминий,Микроформатная,8х11,,Пленка,,Complan,,"1:3,5",1.5
Pixie Flash,Whittaker,Фотоаппарат,1951,,США,Лос-Анжелес,776,,,,39,50х25х22,"Однообъективная, горизонтальная",Жесткий,Пластик,Микроформатная,,,,,,,,
Mamiya-16 automatic,Mamiya,Фотоаппарат,1949,1962,Япония,,777,,,2404015,283,100х30х45,"Однообъективная, горизонтальная",Жесткий,"Нержавеющая сталь, пластик",Микроформатная,13х17,,Пленка,,Mimiya-Sekor,,"1:2,8",2.5
Киев-30,Арсенал,Фотоаппарат,1975,1987,СССР,Киев,778,,,7520552,176,83х25х41,"Однообъективная, горизонтальная",Жесткий,"Алюминий, пластик",Микроформатный,13х17,,Пленка (16-мм фотопленка),,Индустар-М,,,
Шпионская камера Coronet Midget,Coronet,Фотоаппарат,1934,1943,Англия,,779,,,,53,23х30х55,"Однообъективная, вертикальная",Бокс камера,"Пластик, латунь",Микроформатная,13х18,,Пленка (16-мм фотопленка),,,,,
Micro 110,Hanimex,Фотоаппарат,,,Китай,,780,,,,34,60х40х23,"Однообъективная, горизонтальная",,Пластик,Микроформатная,,,,,,,,
Фотобумага Ridap Jonmig,Voigtländer,Другое,,1945,Германия,,781,,,,102,70х115х25,,,,,формат бумаги 6х9,,,,,,,
Весы фотолюбителя,Опытный завод порционных автоматов им.Дзержинского,Другое,1972,,СССР,Киев,783,,,,186,,,,,,,,,,,,,
"Бумага фотографическая черно-белая  ""Берёзка""",Славич,Другое,1990,,СССР,Переславль-Залесский,784,,,,162,,160х10х215,,,,формат бумаги 13х18,,,,,,,
Eastman Kodak No. 2 Folding Film Pack Hawk-eye. ,Eastman Kodak Company,Фотоаппарат,1910,,США,Нью-Йорк,787,,,26176,345,70х40х110,"Однообъективная, вертикальная",С раздвижным мехом,Метал,Форматная,,80,Пластина,,Hawk-eye shutter,20498,,
Шпионская Expo camera,Expo,Фотоаппарат,1904,,США,Нью-Йорк,788,,,,77,Диаметр 50мм,"Однообъективная, горизонтальная",Жесткий,Нержавеющая сталь,Микроформатная,16х22,,Пленка (17.5- мм фотопленка),,,,,
Victor,Victor Hasselblad,Фотоаппарат,1891,,Швеция,Гётеборг,789,,,,858,155х70х155,"Однообъективная, вертикальная",С раздвижным мехом,"Кожа, красное дерево",Среднеформатная,,160,Пластина,,Rochester optical,,,
Волшебный фонарь (Laterna magica) с стеклянными пластинами,,Другое,около 19 века,,,,790,,,,384,,,,Метал,,,,,,,,,
Стереоскоп,,Другое,,,,,791,,,,512,150х98х80,,,"Кожа, латунь, дерево",,,,,,,,,
Микроскоп,,Другое,около 19 века,,,,792,,,,840,,,,"Латунь, сталь",,,,,,,,,
Увеличительная лупа,,Другое,,,,,793,,,,507,,,,,,,,,,,,,
Фотобумага  ,Franasyek,Другое,,,Польша,Варшава,794,,,,,,,,,,,,,,,,,
Бинокль,Colmont Paris,Бинокль,начало 20 века,,Франция,Париж,795,,,,667,125х140х55,,,"Латунь, кожа, стекло",,,,,,,,,
Altissar Periskop,Altissa,Фотоаппарат,1940,1952,Германия,,796,,,,318,73х120х65,"Однообъективная, вертикальная",Жесткий,Метал,среднеформатная,,,Пленка,,,,,
Сокол,ЛОМО,Фотоаппарат,1966,1978,СССР,Ленинград,797,,,6900921,797,135х85х25,"Однообьективный, горизонтальный",Жесткий,"Сталь, пластмасса",Форматная,36х24,,Пленка,,Индустар-70,250,"1:2,8",5.0
Double run Eight,G.B. - Bell and Howell,Видеокамера,,,Англия,,798,,,605,851,47х121х47,,Жесткий,Сталь,,,,,,Trital,,,2.5
Carl Zelss Jena,Carl  Zelss,Подзорная труба,1939,,Германия,Берлин,799,,,702,855,70х70х260,,жесткий с гравировкой,"Сталь, стекло",,,,,,,,,
Кинофотоосветитель ,"НПО ""Экран""",Другое,,,СССР,Москва,800,,,880801045,1040,135х135х70,,Жесткий,сталь,,,,,,,,,
Фотовспышка Norma Fil-101,Norma,Другое,1970,,Эстония,Таллин,801,,,,1348,85х100х200,,Жесткий,"Пластик, стекло",,,,,,,,,
"косметический прибор ""Фотон""",МЭЛЗ,Другое,,,СССР,Москва,802,,,,960,75х130х60,,Жесткий,Пластик,,,,,,,,,
Ремонт Фотоаппаратов,,Книги,1964,,СССР,Москва,803,100000,"З.А.Вишневский, №1 Госбытиздата",,604,150х220х14,,,,,,,,,,,,
Фотографируем без ошибок,,Книги,1961,,СССР,Москва,804,275000,"Курт Фитче, Типография им. А.А.Жданова",,328,250х130х15,,,,,,,,,,,,
Словарь справочник по фото механике,,Книги,1935,,СССР,Ленинград,805,3175,"проф.Ю.К.Лауберт, ""Печатный Двор""",,438,150х220х20,,,,,,,,,,,,
Фотография ее техника и искусство,,Книги,1960,,СССР,Москва,806,200000,"Л.П.Дыко, Е.А.Иофис, им.А.А.Жданова",,787,170х225х25,,,,,,,,,,,,
Памятники науки и техники,,Книги,1992,,Россия,Москва,807,20000,"Архангельская ,Полунин, ""Внешторгиздат""",,553,215х280х10,,,,,,,,,,,,
Фототехника мира,,Книги,,,Россия,,808,,,,1273,210х280х30,,,,,,,,,,,,
"Подставка для ручек ""Камера""",,Другое,,,КНР,,809,,,С2513349S,418,144х130х128,,,Дерево,,,,,,,,,
"Статуэтка ""Фотограф""",,Другое,,,,,810,,,,388,50х105х40,,,Глина,,,,,,,,,
"Статуэтка ""Часы фотоаппарат""",,Другое ,,,,,811,,,,702,75х120х63,,,Глина,,,,,,,,,
Насадки телескопические 0.5 и 2,Экран,Другое,1963,,СССР,Волжск,812,,,630026.630011,216,100х55х50,,,"Линза, сталь, бумага",,,,,,,,,
Приставка ПЗФ,"Рогачевский завод ""Диапроектор""",Другое,1981,,СССР,,813,,,,1270,160х110х40,,,сталь,,,,,,,,,
Объектив INDUSTAR-50-2,Зенит,Другое,,,СССР,,814,,,,94,45х55х45,,,,,,,,,,,,
"Фотовспышка ""Чайка""","ПО ""Элитан""",Другое,1974,1990,СССР,,815,,,,1216,180х150х70,,,,,,,,,,,,
Объектив Helios,Helios,Другое,,,,,816,,,,105,55х55х52,,,,,,,,,,81150098,1:2,5.8
Тарелка с фото,,Другое,,,,,817,,,,144,238х238х238,,,пластик,,,,,,,,,
"Инструкция по эксплуатации ""Фотоснайпер""",Зенит,Книги,,,,,818,,,,40,183х134х3,,,,,,,,,,,,
"Инструкция по эксплуатации ""Москва-5""",Зенит,Книги,1975,,СССР,,819,,,,15,92х130х3,,,,,,,,,,,,
"Паспорт на фотоаппарат ""Старт""",Зенит,Книги,1962,,СССР,,820,,,,23,102х142х3,,,,,,,,,,,,
"Журнал ""Фотография""",,Книги,,,Германия,,821,,"Иорг Кремер, Панорама Ферлаг",,50,205х300х2,,,,,,,,,,,,
"Фотообъектив ""Мир-385"" коробка с деталями",,Другое,1985,,СССР,,822,,,,591,,,,,,,,,,,,,
Пленка цветная ДС-4,Свема,Другое,1931,1987,СССР,Шостка,823,,,,306,140х130х25,,,,,,,,,,,,
руководство по эксплуатации,Киев-6С TTL,Книги,1982,,СССР,Киев,824,,,,28,141х100х3,,,,,,,,,,,,
руководство по эксплуатации,Зенит-212к,Книги,,,СССР,,825,,,,11,140х110х3,,,,,,,,,,,,
Объектив,,Другое,,,,,826,,,,580,,,жесткий,металл,,,,,,,900796,"1:1,8",12.0
Телефонный аппарат,Telic,Другое,1910,1919,,,827,,,445,,,,жесткий ,металл,,,,,,,,,
Ensigh Midget,Houghton-Butcher ,фотоаппарат,1934,1941,Великобритания,,828,,,,160,90х42х17,"однообъективная, горизонтальная",жесткий,металл,среднеформатная,10,,пленка,,Ensar anastigmat lens,,,6.0
Ensigh Midget - 22,Houghton-Butcher ,Фотоаппарат,1933,1941,Великобритания,,829,,,,160,90х42х17,"однообъективная, горизонтальная",жесткий,металл,среднеформатная,10,,пленка,,English pat,271186,,
USSR Photo-70,Значок,Другое,1970,,СССР,,830,,,,9,42х54х2,,жесткий ,металл,,,,,,,,,
Объектив,,Объектив,,,,,831,,,,203,42х42х60,,,,,,,,,,,,
Сокол,ЛОМО,Фотоаппарат,1966,1978,СССР,Ленинград,832,,,,845,85х90х140,"однообъективная, горизонтальная",жесткий ,сталь,Дальномерный фотоаппарат,36х24,,пленка типа 135,Центральный ,Индустар -70,,"1:2,8",5.0
Чайка 3 ,БеЛомо,Фотоаппарат,1971,1973,СССР,Минск,833,,,,450,112х85х46,"однообъективная, горизонтальная",жесткий,сталь,полуформатный,18х24,,пленка типа 135,Центральный ,Индустар-69,,"1:2,8",28.0
Диффузная насадка локальная 1,Корп,Другое,,,,,834,,,,,,,,,,,,,,,,,
Виньетки для проекционной печати,Мосгоспромсовет,Другое ,,,СССР,Москва,835,,,,,,,,,,,,,,,,,
Альбом Кодак,Kodak,Другое,,,,,836,,,,,,,,,,,,,,,,,
реагенты для проявки,Agfa,Другое,,,,,837,,,,,,,,,,,,,,,,,
Balda,Balda,Фотоаппарат ,1935,1951,Германия,Дрезден,838,,,,441,,"однообъективный, вертикальный",жесткий,"металл, кожа",дальномерная,,40,,,Compur,,"1:2,8",5.0
Фотография Ельцина,в конверте с негативом,Другое ,,,,,839,,,,,,,,,,,,,,,,,
Виньетки фото с инструкцией по эксплуатации,,Другое,,,,,840,,,,,,,,,,,,,,,,,
фото виньетка,Химкинский Горбыткомбинат,Другое ,,,СССР,Химки,841,,,,,,,,,,,,,,,,,
лампа,,другое ,,,СССР,,842,,,,,,,,,,,,,,,,,
Миг-2,Бесконтактное реле времени со стабилизацией экспозиции,Другое,,,СССР,,843,,,,,,,,,,,,,,,,,
Киев 30,Арсенал,Фотоаппарат,1957,1987,СССР,Киев,844,,,,190,28х46х86,"Однообъективная, горизонтальная",жесткий,металл,миниатюрный шкальный,13х17,,пленка 16 мм,,,,,
Photo-Hall,Murer,Фотоаппарат,19 век,,Франция,Париж,845,,,,577,105х115х30,"однообъективный, горизонтальный",жесткий,металл,,,83,,,H.Roussel Paris,80037,"1:6,3",10.0
kodak,Eastman Kodak Company ,Фотоаппарат,1926,1933,США,Нью-Йорк,846,,,,880,185х115х45,"Однообъективная, вертикальная",жесткий,,,,125,,,Carl Zeiss Jena,161262,"1:6,3",13.0
осветительный прибор,,Другое,,,СССР,,847,,,,225,143х130х25,,,пластик,,,,,,,,,
Штатив - струбцина,ФЭД,Другое,,,СССР,Харьков,848,,,,130,130х50х17,,,,,,,,,,,,
"Кассета для 8-мм кинопленки типа ""С""",КМЗ,Другое,1969,1993,СССР,Красногорск,849,,,,48,70х75х25,,,пластик,,,,,,,,,
"Кассета для 8-мм кинопленки типа ""С""",КМЗ,Другое,1969,1993,СССР,Красногорск,850,,,,48,70х75х25,,,пластик,,,,,,,,,
"Кассета для 8-мм кинопленки типа ""С""",КМЗ,Другое,1969,1993,СССР,Красногорск,851,,,,48,70х75х25,,,пластик,,,,,,,,,
инструкция по эксплуатации,Зенит,Книги,,,СССР,,852,,,,20,135х93х3,,,,,,,,,,,,
инструкция по эксплуатации ,"Смена 8 ""М""",Книги,,,СССР,,853,,,,14,135х100х3,,,,,,,,,,,,
инструкция по эксплуатации,любительская кинокамера КВАРЦ 1х8Сх2,Книги,,,СССР,,854,,,,34,135х185х4,,,,,,,,,,,,
Фотографии маршалов СССР,,Другое,,,СССР,,855,,,,,,,,,,,,,,,,,
насадка на объектив,ж-2 к/камера,Другое,,,СССР,,856,,,,57,45х45х10,,,,,,,,,,,,
насадка на объектив,ж-2 фото\к,Другое,,,СССР,,857,,,,57,45х45х10,,,,,,,,,,,,
насадка на объектив,,Другое,,,СССР,,858,,,,57,45х45х10,,,,,,,,,,,,
Zenit EM,Зенит,Фотоаппарат,1972,1988,СССР,Красногорск,859,,,,880,130х80х100,"однообъективная, горизонтальная",жесткий,сталь,Зеркальная,24х36,,пленка типа 135,"Механический, шторнощелевой с горизонтальным движением матерчатых шторок",MC Helios-44M-4,,1:2,5.8
ФЭД-5,ФЭД,Фотоаппарат ,1977,1990,СССР,Харьков,860,,,,988,,"однообъективный, горизонтальный",жесткий ,сталь,дальномерная,24х36,,пленка типа-135,шторно-щелевой,Индустар -61 Л/Д,8422767,"1:2,8",5.5
Бинокль,полевой ,Бинокль,,,,,861,,,,618,113х120х35,,,"сталь, кожа",,,,,,,,,
Юпитер-37А,КОМЗ,Объектив,1978,2009,"СССР, Россия",Казань,862,,,,377,100х53х53,,,металл,,,,,,,,,13.5
Руководство по эксплуатации,ФЭД-5,Другое,1983,,СССР,,863,,,,16,140х100х3,,,,,,,,,,,,
Бинокль театральный,,Бинокль,,,,,864,,,,105,85х20х40,,,"бронза, ракушка",,,,,,,,,
фотография в рамке,,Другое,,,,,865,,,,164,90х120х15,,,"дерево, металл , стекло",,,,,,,,,
Фотография в рамке винтажной,,Другое,,,,,866,,,,332,155х180х2,,,,,,,,,,,,
Dr.R.Krugener,Dr.R.Krugener,Фотоаппарат,1985,1905,Германия,Дрезден,867,,,,588,120х145х36,"Однообъективная, вертикальная",Жесткий,"дерево, кожа",,9Х12,117,пластина,,Perisk-Aplanat,,,
"значок ""Ассофото""",,Другое,,,СССР,,868,,,,3,35х12х2,,,,,,,,,,,,
"значок ""СССР фото 70""",,Другое,1970,,СССР,,869,,,,2,22х26х2,,,,,,,,,,,,
"Фиксаж кислый для черно-белых негативных и позитивных фотопластинок, фотопленок и фотобумаги",Ступинский химический завод,Другое,1992,,Россия,Ступино,870,,,,59,110х136х1,,,,,,,,,,,,
"Фиксаж кислый для черно-белых негативных и позитивных фотопластинок, фотопленок и фотобумаги",Ступинский химический завод,Другое,1992,,Россия,Ступино,871,,,,59,110х136х1,,,,,,,,,,,,
Начинающему фотолюбителю,Искусство,Книги,1959,,СССР,Москва,872,200000,"К.В.Вендровский, Б.А.Шашлов, Первая образцовая типография имени А.А.Жданова",,149,130х200х12,,,,,,,,,,,,
Учись фотографировать,Искусство,Книги,1988,,СССР,Москва,873,100000,"А.С.Вартанов, Д.А.Луговьер, Ордена Трудового Красного Знамени Калининский полиграфический комбинат Союзполиграфпрома при Государственном комитете СССР по делам издательств, полиграфии и книжной торговли. ",,703,245х170х25,,,,,,,,,,,,
"Папка ""авансовые отчеты""",,Другое,1984,,СССР,,874,,,,,,,,,,,,,,,,,
Brownie 127 Camera,Kodak,Фотоаппарат,1952,1954,Великобритания,,875,,,,232,125х75х65,"однообъективная , горизонтальная",жесткий,пластик,дальномерная,,6х4,пленка типа 127,,,,,
Зенит Е,"КМЗ, БеЛОМО",Фотоаппарат,1965,1986,СССР,"Красногорск, Вейск",876,,,,1000,138х93х100,"однообъективный, горизонтальный",жесткий,сталь,зеркальная,24х36,,пленка типа 135,"механический, шторно-щелевой, с горизонтальным движением матерчатых шторок",Гелиос-44-2,81284378,1:2,5.8
Ручная кофемолка,,Другое,19 век,,,,877,,,,812,100х130х210,,,,,,,,,,,,
Кварц 1х8с-2,КМЗ,Другое,1974,1993,СССР,Красногорск,878,,,,1168,194х53х200,,жесткий,,,,,"кассета ""супер8""",,метеор-8М-1,818906,"1:1,8",
старинный микроскоп ,,Другое,19 век,,,,879,,,,732,187х104х73,,,,,,,,,,,,
"Электроника ФЭ-31, фотовспышка","ЗАО ""Резел""",Другое ,1993,,Россия,Москва,880,,,,89,53х65х30,,жесткий,пластик,,,,,,,,,
Старинная фотовспышка ,,Другое,,,,,881,,,,148,100х75х20,,жесткий,дерево,,,,,,,,,
Кольца переходные к фотоаппарату Зенит,,Другое,,,СССР,,882,,,,104,50х50х65,,,,,,,,,,,,
Момент -24с,КМЗ,Объектив,,,СССР,Красногорск,883,,,,386,60х60х25,,жесткий,сталь,,,,,,,45405,"1:3,5",10.5
Штатив,,Штатив,,,,,884,,,,,,,,дерево,,,,,,,,,
Штатив,,Штатив,,,,,885,,,,,,,,дерево,,,,,,,,,
Штатив,,Штатив,,,,,886,,,,,,,,дерево,,,,,,,,,
Штатив,,Штатив,,,,,887,,,,,,,,сталь,,,,,,,,,
Штатив,,Штатив,,,,,888,,,,,,,,красное дерево,,,,,,,,,
"Штатив ""ФШУ-7""",,Штатив,,,СССР,,889,,,,,,,,Металл,,,,,,,,,
"Фотоувеличитель ""Ленинград 2""",,Другое,1960,1989,СССР,Ленинград,890,,,,,,,,"сталь, дерево",,,,,,,,,
Кинопроекторный аппарат 8П-1,,Другое ,1961,,РСФСР,Казань,891,,,,,,,,,,,,,,,,,
"Портативный фотоувеличитель ""УПА5М""",,Другое,1948,,СССР,,892,,,,,,,,,,,,,,,,,
Стереоскоп зеркальный складной СЗС,,Другое,,,СССР,,893,,,,,,,,,,,,,,,,,
Фотографическая лаборатория,Meopta,Другое,,,Чехия,,894,,,,,,,,,,,,,,,,,
Старинный фотоаппарат большой,,Фотоаппарат,18-19 век,,,,895,,,,,,,,"бархат, бумага, золотое покрытие",,,,,,,,,
старинный фото альбом,,Другое,1892,,Россия,,896,,,,,,,,,,,,,,,,,
фотоглянцеватель,,,,,,,897,,,,,,,,,,,,,,,,,
телеграф,Simens&Halske A.G,,19 век,,Германия ,,898,,,52327,,,,,,,,,,,,,,
фотокамера ,Goerz Frontar DR.P,,19 век,,Германия ,Берлин,899,,,,,,,,,,,,,,,,,
Объектив Индустар У-1 22,,,1950,,СССР,,900,,,,,,,,,,,,,,,,,
фотоаппарат ,Zeiss Ikon,,1937,,Германия,Дрезден,901,,,,,,,,,,,,,,,,,
фотоаппарат ,Ica,,1926,,Германия,Дрезден,902,,,,,,,,,,,,,,,,,
фотоаппарат ,Miraх,,1947,,Япония,Токио,903,,,,,,,,,,,,,,,,,
фотоаппарат ,Kodak,,1930,,США,Нью-Йорк,904,,,,,,,,,,,,,,,,,
проигрыватель,his Madbools Vois the Gramophone Company,,1898,,Великобритания,Лондон ,905,,,,,,,,,,,,,,,,,
военный аппарат для связи ,,,,,,,906,,,,,,,,,,,,,,,,,
Huttigs Atom,Ica Akt-Ges Dresden,Фотоаппарат,1908,,Германия,Дрезден ,907,,,,,63х25х80,однообъективный,жесткий,"метал, кожа",,,70,пластина,,Huttig A-G Dresden Doppel-Anastigmat Lioyd,120802,"1:6,8",9.0
six-20 brownie Junior, kodak LTD,фотоаппарат ,1950,,Великобритания,,908,,,,,76х100х100,однообъективный,жесткий,"метал, кожа",,,,пленка,,,,,
kodak,Eastman Kodak Company  Rochester,Фотоаппарат,,,США,Нью-Йорк,909,,,,,114х45х190,однообъективный,жесткий,"метал, кожа",,,95,пластина,,Eastman Kodak Co.Rochester N/Y U.S.A,3264128,1:8,16.0
Instamatic camera 700,Kodak,Фотоаппарат,1960,1970,США,Нью-Йорк,910,,,,,115х44х70,однообъективный,жесткий,метал,,,,пленка,,kodak Ektanar lens,,2:8,38.0
Kodak Tele-Ektralite 20,kodak,фотоаппарат,,,США,Нью-Йорк,911,,,,,174х30х60,однообъективный,жесткий,пластик,,,,пленка,,,,,
Toska215,Vario,фотоаппарат,,,,,912,,,,,160х115х35,однообъективный,жесткий,"метал, кожа",,,105,пластина,,Ica Akt-Ges Doppel Anastigmat Hekla,634807,"1:6,8",13.0
The soho cadet,Soho,Фотоаппарат,,,Великобритания,Лондон ,913,,,,,80х165х33,однообъективный,жесткий,пластик,,,67,пленка,,soho cadet,,,
Фотокор-1,,Фотоаппарат,,,,,914,,,,,110х158х50,однообъективный,жесткий,"метал, кожа",,,115,пластина,,compuur,150503,"1:4,5",13.5
DRGM,,фотоаппарат,,,,,915,,,,,120х150х50,однообъективный,жесткий,"метал, кожа",,,104,пластина,,Doppel-Anastigmat Jraplast ,233245,"1:5,5",13.5
Zeiss Ikon,,Фотоаппарат,,,,,916,,,,,105х45х150,однообъективный,жесткий,"метал, кожа",,,110,пластина,,Simplex,,1:9,14.0
Comet2,,Фотоаппарат,,,Италия,Милан,917,,,,,100х70х21,однообъективны,жесткий,нержавеющая сталь,,,,пленка типа 127,,,,"1:1,2",7.0
Union,Hugo Stocklg&Co,Фотоаппарат,,,,Дрезден ,918,,,,,55х155х205,однообъективный,жесткий,"метал, кожа, дерево",,,176,пластина,,,,,
baosch&Lomb OPT.Co.Pat. APP,,Фотоаппарат,,,,,919,,,,,160х55х215,однообъективный,жесткий,"метал, кожа",,,225,пластина,,ROJA vorm Emil Busch,4896192,,
подводная камера ,ЛОМО,фотокамера,,,СССР,,920,,,,,250х90х180,,,нержавеющая сталь,,,,,,,,,
железнодорожный фонарь,,,,,СССР,,921,,,,,170х400х170,,,метал,,,,,,,,,
железный диск для проигрывателя,,,,,,,922,,,,,,,,метал,,,,,,,,,
Полевой бинокль,,Бинокль,,,,,923,,,Ю40161,,160х160х50,,,"метал, резина",,,,,,,,,
СЭФ-3,,,,,,,924,,,4885Ж,,45х98х70,,,пластик,,,,,,,,,
"Фотообъектив ""Юпитер 9"" для фотоаппарата Зорке",,,,,,,925,,,,,50х85х50,,,метал,,,,,,,5603075,1:02,8.5
Фотовспышка Блик,Ломо,,,,СССР,,926,,,,,90х30х23,,,"пластик, метал",,,,,,,,,
Экспонометр,,,,,,,927,,,127761,,57х46х25,,,"пластик, метал",,,,,,,,,
Свердловск 4,Экспонометр,,,,СССР,,928,,,,,50х90х23,,,,,,,,,,,,
Объектив,,,,,СССР,,929,,,7706,,42х49х15,,,метал,,,,,,,,01:03.5,5
Объектив ФЭД,,,,,СССР,,930,,,,,55х55х45,,,метал,,,,,,,6988451,01:02.8,52
Пленка Киев,,,,,СССР,,931,,,,,52х30х30,,,пластик,,,,,,,,,
Стерео очки,,,,,,,932,,,,,142х45х20,,,пластик,,,,,,,,,
фото цвет 9,Цветная фотографическая бумага,,,,,,933,,,,,187х135х22,,,,,,,,,,,,
проявитель с содой ,Н-1,,,,СССР,,934,,,,,,,,,,,,,,,,,
Проявитель ,,,,,ССР,,935,,,,,100х33х33,,,,,,,,,,,,
Пленка ORWO HROM,,,,,,,936,,,,,,,,,,,,,,,,,
Пленка ORWO COLOR,,,,,,,937,,,,,,,,,,,,,,,,,
Зеркальная лампа для фото кино съемок,,,,,,,938,,,,,,,,,,,,,,,,,
Фотобумага,,,,,,,939,,,,,,,,,,,,,,,,,
Фотобумага,,,,,,,940,,,,,,,,,,,,,,,,,
Набор красок для фотоснимков,,,,,,,941,,,,,,,,,,,,,,,,,
фото пластинки,,,,,,,942,,,,,,,,,,,,,,,,,
Фото пластинки,,,,,,,943,,,,,,,,,,,,,,,,,
Набор химикатов,,,,,,,944,,,,,,,,,,,,,,,,,
"Устройство для фотопечати ""Импульс""",,,,,,,945,,,,,,,,,,,,,,,,,
Книга фотоаппаратура и оборудование фотопредприятий служба быта,,,,,,,946,,,,,,,,,,,,,,,,,
Первая книга по фотографии,,книги,,,,,947,,,,,,,,,,,,,,,,,
Электронные лампы-вспышки,,Книги,,,,,948,,,,,,,,,,,,,,,,,
Репродукционная фотосъемка,,Книги,,,,,949,,,,,,,,,,,,,,,,,
Журнал советское фото,,,,,,,950,,,,,,,,,,,,,,,,,
Аркадий Шайхет,,Книга,,,,,951,,,,,,,,,,,,,,,,,
Инструкция по эксплуатации,Зоркий,,,,,,952,,,,,,,,,,,,,,,,,
Инструкция по эксплуатации,Зенит 2,,,,,,953,,,,,,,,,,,,,,,,,
Инструкция по эксплуатации,Смена 2,,,,,,954,,,,,,,,,,,,,,,,,
Инструкция по эксплуатации,Зенит В,,,,,,955,,,,,,,,,,,,,,,,,
Инструкция по эксплуатации,ФЭД3,,,,,,956,,,,,,,,,,,,,,,,,
Инструкция по эксплуатации,Смена 2,,,,,,957,,,,,,,,,,,,,,,,,
Проявитель УП-2,,,,,,,958,,,,,,,,,,,,,,,,,
Фиксаж БКФ-2,,,,,,,959,,,,,,,,,,,,,,,,,
"Трость с ручкой ""Голова кабана""",,,,,,,960,,,,,,,,,,,,,,,,,
Фотографическая бумага Унибром,,,,,,,961,,,,,,,,,,,,,,,,,
Штатив дерево,,,,,,,962,,,,,,,,,,,,,,,,,
Штатив дерево,,,,,,,963,,,,,,,,,,,,,,,,,
Штатив дерево,,,,,,,964,,,,,,,,,,,,,,,,,
Штатив красное дерево,,,,,,,965,,,,,,,,,,,,,,,,,
