"Название модели, книги","Бренд, издательство, фабрика, завод",Категория,"Год производства, начало выпуска модели",Окончание производства,Страна производитель,Город,Инвентаризационный номер,Тираж,"Автор, типография",Серийный номер аппарата,"Вес, гр","Размер аппарата  собранном виде, мм",Тип компоновки,Тип корпуса,Материал корпуса,Тип камеры (по размеру кадра),"Размер кадра, см","Длина открытого меха, мм",Тип фотоматериала,Затвор,Объектив,Номер объектива,Светосила,"Фокус, см",Примечание,,,,,,
"Billy Record 7,7",Agfa,Фотоаппарат,1933,1949,Германия,Мюнхен,1,,,2Н3234,550,165х88х37,"Однообъективная, вертикальная",С раздвижным мехом,"Алюминий, кожа (искусственная), сталь",Форматная,6х9,65,"Плёнка типа 120 (61,5-мм рольфильм)",Compur,Agfa Anastigmat Jgestar,,"1:7,7",,Выпускалось три модели Billy Record по размеру диафрагмы 7.7; 6.3 и 4.5.,,,,,,
Primar ETUI,Kodak  Kamera Werkstatten A-21,Фотоаппарат,1935,,США,,2,,,36900,370,120х85х30,"Однообъективная, вертикальная",С раздвижным мехом,Алюминий,Форматная,6х9,95,Пластина,Kodak ,Kodak Anastigmat ,40838,1:6.3,10,"Shutter made in USA by Eastman, Kodak CO at Rochester N.Y. ",,,,,,
Isolette I,Agfa,Фотоаппарат,1954,1958,Германия,Мюнхен,3,,,,570,140х95х35,"Однообъективная, горизонтальная",С раздвижным мехом,"Алюминий, кожа (искусственная), сталь",Форматная,6х6,50,Пленка ,Vario,Agfa Agnar,,"1:4,5",8.5,"Isolette от Agfa имел инновационный дизайн, определивший развитие камер до 60-х годов 20-го века.",,,,,,
Synchro Box 600,Agfa,Фотоаппарат,1951,1957,Германия,Мюнхен,4,,,,420,115x70x100,"Однообъективная, вертикальная",Бокс камера,"Алюминий, жесть",Форматная,6х9,,"Плёнка типа 120 (61,5-мм рольфильм)","Простой, типа ""Поворотный затвор""","Простой, типа ""Мениск""",, ,,"Рекомендуемые фотоматериалы Agfa Film B2, название ""Синхро"" соответствует механизму синхронизации затвора и вспышки.",,,,,,
Coronet,Coronet,Фотоаппарат,,,Великобритания,,5,,,,450,150х80х35,"Однообъективная, вертикальная",С раздвижным мехом,"Алюминий, кожа (искусственная), сталь",Форматная,6х9,70,Пленка ,,Meniscus Lens,,,,,,,,,,
Retina II (142),Kodak,Фотоаппарат,1937,1939,США,,6,,,227848,580,120x80x40,"Однообъективная, горизонтальная",С раздвижным мехом,"Алюминий, кожа (искусственная), сталь",Малоформатная,"2,4x3,6",20,Плёнка типа 135 (35-мм фотоплёнка),Compur-Rapid,Kodak Ektar,1233932,"1:3,5",5.0,,,,,,,
Москва-5,"КМЗ , Красногорский завод им. С. А. Зверева",Фотоаппарат,1959,,СССР,,7,,,5924770,890,160х100х45,"Однообъективная, вертикальная",С раздвижным мехом,Алюминий,Форматная,6х9,100,Пленка ,Момент-24С,Индустар 24,145391,"1:3,5",10.5,,,,,,,
Искра,"КМЗ, Красногорский завод им. С. А. Зверева",Фотоаппарат,1961,,СССР,,8,,,6114697,870,150х105х40,"Однообъективная, горизонтальная",С раздвижным мехом,Алюминий,Форматная,6х6,55,Пленка ,Compur Rapid,"Carl Ziess Jena 
",1107035,"1:3,8",7.5,,,,,,,
Perle,Welta,Фотоаппарат,1934,1938,Германия,,9,,,…887,575,120x80x40,"Однообъективная, вертикальная",С раздвижным мехом,Алюминий,Форматная,6х6,55,Пленка ,,"Trioplan 
Meyer Gorlitz
Compur Rapid",685226,"1:2,9",7.5,,,,,,,
Москва-2,"КМЗ, Красногорский завод им. С. А. Зверева",Фотоаппарат,1955,,СССР,,10,,,5546332,840,155x95x40,"Однообъективная, вертикальная",С раздвижным мехом,Алюминий,Форматная,6х9,95,Пленка ,Момент-1,Индустар 23,5547221,"1:4,5",11,,,,,,,
Nettar 515,Ziess Ikon,Фотоаппарат,1937,1941,Германия,Дрезден,11,,,,420,115x85x35,"Однообъективная, вертикальная",С раздвижным мехом,Алюминий,Малоформатная,"4,5х6",60,Пленка ,,"Novar Anastigmat 
Telma
Zeiss Ikon",-,"1:6,3",7.5,,,,,,,
Bessa (ранняя модель),Voigtländer,Фотоаппарат,1931,1949,Германия,Брауншвейг,12,,,613267,620,160x80x40,"Однообъективная, вертикальная",С раздвижным мехом,Алюминий,Форматная,6х9,90,Пленка ,,"Voigtländer 
Braunschweig
Viogtar",1095006,"1:3,5",10.5,,,,,,,
Фонарик сигнальный,,Фонарь,,,,,13,,,,200,110х65х27,,,Алюминий,,,,,,,,,,"Переключение красного и зеленого цветов, возможно использовался для регулирования движения.",,,,,,
Bessa ,Voigtländer,Фотоаппарат,1931,,Германия,Брауншвейг,14,,,459582,520,170x80x40,"Однообъективная, вертикальная",С раздвижным мехом,"Алюминий, кожа (искусственная), сталь",Форматная,6х9,90,"Плёнка типа 120 (61,5-мм рольфильм)",,"Voigtländer 
Braunschweig
Viogtar
Anastigmat",-,"1:7,7",-,"На фронтальной части объектива нанесены 3 надписи красным цветом Landschaft, Gruppe, Portreit",,,,,,
Столик микроскопный,"E. Leitz, Wetzlar",Другое,,,Германия,,15,,,,960,125х100х90,,,"Латунь, стекло",,,,,,,,,,,,,,,,
Полевой Бинокль,Lemaire Fabi,Бинокль,,,"Франция, Париж",,16,,,,365,110х85х45,,,"Латунь, кожа, стекло",,,,,,40,,,,,,,,,,
Полевой Бинокль,Chevalier Opticien,Бинокль,,,Франция,Париж,17,,,,170,105х80х40,,,"Латунь, кожа, стекло",,,,,,27,,,,,,,,,,
Морской бинокль,E.Krause,Бинокль,,,"Франция, Париж",,18,,,,460,130х110х40,,,"Латунь, кожа, стекло",,,,,,35,,,,"Есть дополнительные линзы, предназначение которых не установлено",,,,,,
Полевой Бинокль,Эмиль Бушъ АКЦ О-во,Бинокль,,,Россия,,19,,,,330,110х85х45,,,"Латунь, кожа, стекло",,,,,,40,,,,,,,,,,
    ,Clslas 8,Бинокль,,,,,20,,,,310,115x80x50,,,"Латунь, кожа, стекло",,,,,,40,,,,,,,,,,
Театральный бинокль,Chevalier Opticien,Бинокль,,,Франция,Париж,21,,,,150,100х65х40,,,"Латунь, стекло",,,,,,27,,,,,,,,,,
Полевой Бинокль,Claser 6,Бинокль,,,,,22,,,,290,115x105x50,,,"Латунь, кожа, стекло, дерево",,,,,,40,,,,,,,,,,
Полевой Бинокль,Optical Ruhnke,Бинокль,,,"Германия, Берлин",,23,,,,230,100x75x40,,,"Латунь, кожа, стекло",,,,,,35,,,,,,,,,,
Турист,ГОМЗ ,Фотоаппарат,1934,1938,СССР,,24,"136,600",,-,560,125х90х55,"Однообъективная, вертикальная",Клапп-камера,Бакелит,Форматная,6х9,95,Пластина,ГОМЗ,Индустар 7,24207,"1:3,5","10,5",,,,,,,
CONTESSA NETTEL,Ziess Ikon,Фотоаппарат,,,Германия,Дрезден,25,,,,950,150х110х75,"Однообъективная, горизонтальная",Клапп-камера,"Алюминий, дерево",Форматная,6х9,100,Пластина,,"Carl Ziess Jena 
Tessar",2213884,"1:2,8","7,5",,,,,,,
Weltur,Welta,Фотоаппарат,1936,1940,Германия,,26,,,…82,670,135x95x40,"Однообъективная, горизонтальная",С раздвижным мехом,Алюминий,Форматная,6х6,60,Пленка ,,"Meyer Gorlitz
Trioplan",777838,"1:2,9","7,5",Сверху на модели есть таблица соответствия диафрагмы и расстояния,,,,,,
Lumiere,Lumiere,Фотоаппарат,,,Франция,,27,,,,525,150х80х35,"Однообъективная, вертикальная",С раздвижным мехом,Алюминий,Форматная,6х9,90,Пленка ,,-,-,,,Безлинзовый объектив,,,,,,
Welti I,Welta,Фотоаппарат,1953,,Германия,,28,,,23262,535,120x80x45,"Однообъективная, вертикальная",С раздвижным мехом,Алюминий,Малоформатная,"2,4x3,6",35,Плёнка типа 135 (35-мм фотоплёнка),,"Meyer-Optik
Trioplan",1356958,"1:2,9",5,На задней крышке модели есть таблица соответствия диафрагмы и расстояния,,,,,,
Зажигалка,,Другое,,,,,29,,,,65,60х40х12,,,Нержавеющая сталь,,,,,,,,,,,,,,,,
Jcarette (ранняя модель),Ziess Ikon,Фотоаппарат,1920,,Германия,Дрезден,30,,,55608,812,180x80x46,"Однообъективная, вертикальная",С раздвижным мехом,"Алюминий, кожа (искусственная), сталь",Форматная,6х9,60,Пленка,Compur,Ziess Ikon Carl Ziess Jena Tessar,84069,"1:4,5","10,5",,,,,,,
,Hannover list fabrik photographischer apparate,Фотоаппарат,,,Германия,,31,,,,600,150x110x45,"Однообъективная, вертикальная",С раздвижным мехом,Алюминий,Форматная,"9,5x7",85,Пластина,Singlo,Extra Rapid Aplanat ,,1:8,13.5,Внутри наклейка от производителя Hannover list fabrik photographischer apparate S&G и адрес владельца (по всей видимости),,,,,,
Макар приставка ПЗФ,,Аксессуар для макросъёмки,,,CCCР,,32,,,,585,165х105х80,Для 1 объектива,С раздвижным мехом,Алюминий,,,,,,,,,,Использовался в качестве объектива (близко-далеко),,,,,,
Bessa (ранняя модель),Voigtländer,Фотоаппарат,1929,1931,Германия,Брауншвейг,33,,,В614152,465,170x80x40,"Однообъективная, вертикальная",С раздвижным мехом,"Алюминий, кожа (искусственная), сталь",Форматная,6х9,60,"Плёнка типа 120 (61,5-мм рольфильм)",,"Voigtländer
Braunschweig
Viogtar
Anastigmat",,"1:6,3",,,,,,,,
Perle,Welta,Фотоаппарат,1932,,Германия,,34,,,,430,145x75x30,"Однообъективная, вертикальная",С раздвижным мехом,Алюминий,Форматная,5х8,60,Пленка ,Ibsor ,"
Jos.Schneider & Co Kreuznach",321465,"1:4,5",9,,,,,,,
Bessa (ранняя модель),Voigtländer,Фотоаппарат,1931,,Германия,Брауншвейг,35,,,,501,170x80x40,"Однообъективная, вертикальная",С раздвижным мехом,"Алюминий, кожа (искусственная), сталь",Форматная,6х9,75,"Плёнка типа 120 (61,5-мм рольфильм)",,"Voigtländer
Braunschweig
Viogtar
Anastigmat",,"1:7,7",,,,,,,,
Компас,Красногорский завод им. С. А. Зверева,Другое,,,СССР,"Красногорск, МО",36,,,,26,Диаметр 40 мм,,,Латунь,,,,,,,,,,нет никаких опознавательных знаков,,,,,,
Nettar 515/2,Ziess Ikon,Фотоаппарат,1933,1941,Германия,Дрезден,37,,,J38807,541,160x85x35,"Однообъективная, вертикальная",С раздвижным мехом,Алюминий,Форматная,6х9,65,Пленка ,,"Ziess Ikon
Nettar Anastigmat
Derval",,"1:6,3","10,5",Внутри на крышке наклейка с рекламой пленки В2 Ziess Ikon Film  и размерами кадра,,,,,,
Nettar 516/3,Ziess Ikon,Фотоаппарат,1937,1941,Германия,Дрезден,38,,,О80505,692,160x70x80,"Однообъективная, вертикальная",С раздвижным мехом,Алюминий,Форматная,6х9,70,Пленка ,Compur,"Novar Anastigmat
Zeiss Ikon",1456543,"1:4,5",11,Внутри на крышке наклейка с рекламой пленки В2 Ziess Ikon Film  и размерами кадра,,,,,,
Box Tengor 54/2,Ziess Ikon,Фотоаппарат,1926,1928,Германия,Дрезден,39,,,,489,90х110х70,"Однообъективная, вертикальная",Бокс камера,Алюминий,Форматная,6х9,,Пленка ,,"Goerz Frontar
 D.R.P.",,,,"К данному фотоаппарату подходит только пленка Zeiss Ikon Film 6x9 BII 2,25x3,25 in. 
Из надписи внутри самой камеры.",,,,,,
Турист,ГОМЗ ,Фотоаппарат,1934,1938,СССР,,40,,,,565,125х90х40,"Однообъективная, вертикальная",Клапп-камера,Алюминий,Форматная,6х9,65,Пластина,ГОМЗ,Индустар 7,72120,"1:3,5","10,5",,,,,,,
Junior 620,Kodak,Фотоаппарат,1935,1936,Германия,,41,,,892315,462,150x75x30,"Однообъективная, вертикальная",С раздвижным мехом,Алюминий,Форматная,6х9,65,Пленка ,Kodak ,Kodak Anastigmat,,"1:7,7",10.5,"Внутри на крышке наклейка с рекламой пленки Kodak Film 
Аксессуары, кабель для спуска затвора",,,,,,
Tikette,Rodenstock,Фотоаппарат,1930,,Германия (Мюнхен),,42,,,,846,130x70x80,"Однообъективная, вертикальная",С раздвижным мехом,Алюминий,Форматная,"6,5х9",90,Пленка ,,"Schneider-Kreuznach Radionar
",,"1:4,5","10,5","Сложно определить модель, так как у аппарата поменяли объектив
 и заднюю крышку заменив её пленконосителем и иными атрибутами
 от другого аппарата",,,,,,
Billy Clack 74,Agfa,Фотоаппарат,1934,1940,Германия,Мюнхен,43,,,TE4715,550,155х75х30,"Однообъективная, вертикальная",С раздвижным мехом на двух стойках,"Алюминий, кожа (искусственная), сталь",Форматная,6х9,50,"Плёнка типа 120 (61,5-мм рольфильм)",,Agfa Bilinar,,,11.0,Передняя панель украшена глянцевой черной эмалью с полосками хрома.,,,,,,
Super Solinette,Agfa,Фотоаппарат,1953,1957,Германия,Мюнхен,44,,,ZT 4816,525,120x90x35,"Однообъективная, горизонтальная",С раздвижным мехом,"Алюминий, кожа (искусственная), сталь",Малоформатная,"2,4x3,6",30,Плёнка типа 135 (35-мм фотоплёнка),Compur,Agfa Solinar Synchro,R20247,"1:3,5",5.0,В США данная модель продавалась под названием Ansco Super Regent.,,,,,,
Retina (149),Kodak,Фотоаппарат,1939,1940,Германия,,45,,,2581251K,468,120x80x30,"Однообъективная, горизонтальная",С раздвижным мехом,"Алюминий, кожа (искусственная), сталь",Малоформатная,"2,4x3,6",10,Плёнка типа 135 (35-мм фотоплёнка),Prontor,Schneider-Kreuznach Retina Xenar,1419833,"1:3,5",5.0,Внутри фотоаппарата на крышке наклейка с рекламой фотопленки Kodak Film №135,,,,,,
Weltini,Welta,Фотоаппарат,1937,1941,Германия,,46,,,,615,120x90x30,"Однообъективная, вертикальная",С раздвижным мехом,Алюминий,Малоформатная,"2,4x3,6",10,Плёнка типа 135 (35-мм фотоплёнка),Compur Rapid ,F.Deckel Munchen Schneider-Kreuznach Xenar,1021953,"1:2,8",5,"Наклейка на внутренней стороне крышки фотоаппарата ""Bezee"".
Сверху на модели есть таблица соответствия диафрагмы и расстояния",,,,,,
Ikonta 521/16,Ziess Ikon,Фотоаппарат,1948,1953,Германия,Дрезден,47,,,37320,567,135x90x31,"Однообъективная, горизонтальная",С раздвижным мехом,Алюминий,Форматная,6х9,40,Пленка , Prontor-S,"Zeiss Ikon
Novar Anastigmat",,"1:3,5","7,5","На крышке изнутри выбито название рекомендуемой пленки  Zeiss Ikon Film B2 6x9 2,25x3,25 in",,,,,,
Perle,Welta,Фотоаппарат,1934,1939,Германия,Дрезден,48,,,,583,130x85x35,"Однообъективная, вертикальная",С раздвижным мехом,Алюминий,Форматная,"4,5x6",60,Пленка ,Compur,"Zeiss Ikon
Radionar",,,"7,5","На крышке изнутри выбито название рекомендуемой пленки  Zeiss Ikon Film B2 6x9 2,25x3,25 in",,,,,,
Nettar 515/16,Ziess Ikon,Фотоаппарат,1937,1941,Германия,Дрезден,49,,,K81480,470,135x85x35,"Однообъективная, вертикальная",С раздвижным мехом,Алюминий,Форматная,6х6,65,Пленка ,TELMA Zeiss Ikon,Novar Anastigmat,,"1:6,3","7,5",,,,,,,
Auta,Wirgin,Фотоаппарат,1935,,Германия,,50,,,,630,155x85x38,"Однообъективная, вертикальная",С раздвижным мехом,Алюминий,Форматная,6х9,85,Пленка ,,Wirgin Wiesbaden Gewironar ,,"1:6,3","10,5",,,,,,,
Ikonta 521/16,Ziess Ikon,Фотоаппарат,1948,1953,Германия,Дрезден,51,,,E81995,567,135x90x31,"Однообъективная, горизонтальная",С раздвижным мехом,Алюминий,Форматная,6х9,40,Пленка ,,"Zeiss Ikon
Novar Anastigmat",,"1:3,5","7,5","На крышке изнутри выбито название рекомендуемой пленки  Zeiss Ikon Film B2 6x9 2,25x3,25 in
Наклейка с рекламой пленки Zeiss Ikon Film",,,,,,
Ikonta 521/16,Ziess Ikon,Фотоаппарат,1948,1953,Германия,Дрезден,52,,,H98141,567,135x90x31,"Однообъективная, горизонтальная",С раздвижным мехом,Алюминий,Форматная,6х9,40,Пленка ,,"Zeiss Ikon
Novar Anastigmat",,"1:3,5","7,5","На крышке изнутри выбито название рекомендуемой пленки  Zeiss Ikon Film B2 6x9 2,25x3,25 in
Наклейка с рекламой пленки Zeiss Ikon Film",,,,,,
Standard Box,Bilora,Фотоаппарат,1952,1954,Германия,,53,,,,475,127x107x85,"Однообъективная, вертикальная",Бокс камера,Алюминий,Форматная,6х9,,"Плёнка типа 120 (61,5-мм рольфильм)",,Synchro-flash,,,,,,,,,,
Vollenda 620,KODAK,Фотоаппарат,1934,1940,Германия,,54,,,A111514,515,128x90x38,"Однообъективная, вертикальная",С раздвижным мехом,"Алюминий, кожа (искусственная), сталь",Форматная,6х6,65,Пленка,Kodak Compur ,Anastigmat ,1716762,"1:3,5",7.5,,,,,,,
Турист,ГОМЗ ,Фотоаппарат,,,СССР,,55,,,,501,130x90x45,"Однообъективная, вертикальная",Клапп-камера,Бакелит,Форматная,6х9,65,Пластина,ГОМЗ,Индустар 7,655753,"1:3,5","10,5",,,,,,,
Rollbox,Balda,Фотоаппарат,1934,,Германия,Дрезден,56,,,,361,120х110х70,"Однообъективная, вертикальная",Бокс камера,Алюминий,Форматная,6х9,,"Плёнка типа 120 (61,5-мм рольфильм)",,,,,,,,,,,,
Weltax,Welta,Фотоаппарат,1939,1950,Германия,,57,,,,617,133x75x45,"Однообъективная, горизонтальная",С раздвижным мехом,Алюминий,Форматная,"6x6
4,5x6",40,Пленка,Junior,Anastigmat Victar,,"1:4,5","7,5",Может менять размер кадра,,,,,,
Ouvrir Pour Enrouler,Photo-Plai Parist,Фотоаппарат,,,Франция,,58,,,В11100,589,150х70х40,"Однообъективная, горизонтальная",С раздвижным мехом,Алюминий,Форматная,6х9,60,Пленка,Photo-Plait,Anastigmat Splendor,6573,"1:4,5",10.5,,,,,,,
"Billy Record 7,7",Agfa,Фотоаппарат,1933,1949,Германия,Мюнхен,59,,,3L2396,550,165х88х37,"Однообъективная, вертикальная",С раздвижным мехом,"Алюминий, кожа (искусственная), сталь",Форматная,6х9,65,"Плёнка типа 120 (61,5-мм рольфильм)",Compur,Agfa Anastigmat Jgestar,,,7.7,Внутри на крышке наклейка с рекламой фотопленок Agfa Isochrom Film and Isopan Film,,,,,,
Isolette II,Agfa,Фотоаппарат,1950,,Германия,Мюнхен,60,,,,570,140х95х35,"Однообъективная, горизонтальная",С раздвижным мехом,"Алюминий, кожа (искусственная), сталь",Форматная,6х6,50,"Плёнка типа 120 (61,5-мм рольфильм)",Vario,Agfa Agnar,B37727,"1:4,5",8.5,Внутри на крышке наклейка с рекламой фотопленок Photohaus Josef Zacharias Regensburg,,,,,,
Weltax,Welta,Фотоаппарат,1939,1950,Германия,,61,,,,589,135x90x35,"Однообъективная, горизонтальная",С раздвижным мехом,Алюминий,Форматная,"6x6
4,5x6",40,Пленка,Junior,Anastigmat Victar,,"1:4,5","7,5",Может менять размер кадра,,,,,,
Junior Six-20 Series II,Kodak Brownie Pliant Six-20 ,Фотоаппарат,1937,1940,США ,,62,,,,531,150x75x35,"Однообъективная, вертикальная",С раздвижным мехом,Алюминий,Форматная,6х9,65,Пленка,Kodak ,Kodak Anastigmat ,,"1:6,3",10.0,"Внутри на крышке наклейка Use Kodak Film Verichrome V620, SS Pan SS 620, Panatomic F620 Or N.C. 620
Use Kodak Film in the yellow box it gets the Picture printed in USA № 56164",,,,,,
Nettar 515/2,Ziess Ikon,Фотоаппарат,1934,1941,Германия,Дрезден,63,,,V61773,568,160x80x38,"Однообъективная, горизонтальная",С раздвижным мехом,Алюминий,Форматная,6х9,65,Пленка,Ziess Ikon Nettar ,Nettar Anastigmat,,"1:6,3","10,5","На крышке изнутри выбито название рекомендуемой пленки  Zeiss Ikon Film B2 6x9 2,25x3,25 in
",,,,,,
Ленинград 4 Ю11/4,Завод Вибратор,Экспонометр,,,СССР,,64,,,166665,69,72х53х27,,,Пластик,,,,,,,,,,"ГОСТ 9851-68
",,,,,,
Ленинград 2 Ю11/2,Завод Вибратор,Экспонометр,,,СССР,,65,,,370576,80,52х70х22,,,Пластик,,,,,,,,,,"ГОСТ 9851-61
На задней крышке выбита таблица соответствий",,,,,,
Ikonta 521/2,Ziess Ikon,Фотоаппарат,1938,,Германия,Дрезден,66,,,G63280,767,160x85x50,"Однообъективная, горизонтальная",С раздвижным мехом,Алюминий,Форматная,6х9,70,Пленка,Compur,Carl Zeiss Jena TESSAR,2113269,"1:4,5","10,5","На крышке изнутри выбито название рекомендуемой пленки  Zeiss Ikon Film B2 6x9 2,25x3,25 in так же имеется наклейка Zeiss Ikon Film
",,,,,,
Exacta,Jhagee,Фотоаппарат,1937,1948,Германия,,67,,,628672,746,150x93x80 ,"Однообъективная, горизонтальная",Жесткий,Алюминий,Малоформатная,"2,4x3,6",,Плёнка типа 135 (35-мм фотоплёнка),,Meyer Gorlitz Trioplan,1072333,"1:2,9",5.0,,,,,,,
Super Ikonta 531,Ziess Ikon,Фотоаппарат,1950,1956,Германия,Дрезден,68,,,667240,588,120x95x50,"Однообъективная, горизонтальная",С раздвижным мехом,Алюминий,Форматная,"4x5,5",35,Пленка,Compur Rapid,"Carl Zeiss Jena 
Tessar ",2325124,"1:3,5","7,5","На крышке изнутри выбито название рекомендуемой пленки  Zeiss Ikon Film B2 6x9 2,25x3,25 in так же имеется наклейка Zeiss Ikon Film
",,,,,,
"Karat 6,3 ",Agfa,Фотоаппарат,1939,1940,Германия,Мюнхен,69,,,FS5216,400,120x70x40,"Однообъективная, горизонтальная",С раздвижным мехом,"Алюминий, пластик, сталь",Малоформатная,"2,4x3,6",15,Плёнка типа 135 (35-мм фотоплёнка),Agfa Aunomat,Agfa Karat Anastigmat Igestar,,"1:6,3",5.0,"Шкальный фотоаппарат. Внутри на крышке наклейка c инструкцией к пленке - ""Empty cartridge here…""",,,,,,
Jdeal 250/9,Ziess Ikon,Фотоаппарат,1920,,Германия,Дрезден,70,,,"27676
G43",1645,190х140х65,"Однообъективная, вертикальная",С раздвижным мехом,Алюминий,Форматная,"14,5x10",250,Пластина,Compur, Tessar Cari Zeiss Jana  ,"691694
1196234","1:4,5","16,5",,,,,,,
Certro Dollina I,Certro ,Фотоаппарат,1936,1939,Германия,,71,,,6820,570,120х80х45,"Однообъективная, горизонтальная",С раздвижным мехом,"Алюминий, кожа (искусственная), сталь",Малоформатная,"2,4x3,6",12,Плёнка типа 135 (35-мм фотоплёнка),Compur,"D.R.P. Schneider-Kreuznach Xenon, F.Deckel-Monchen","1051117
3332385",1:2,4.5,Внутри находится пленка Foma Barevny Inverzni Colour Reversal D20 Fomachrom-II Pro Denni Svetlo Film For Daylight 135-36.На задней крышке модели есть таблица соответствия диафрагмы и расстояния,,,,,,
Weltini II (поздняя версия),Welta,Фотоаппарат,1939,1941,Германия,,72,,,,664,120x90x45,"Однообъективная, горизонтальная",С раздвижным мехом,Алюминий,Малоформатная,"2,4x3,6",12,Плёнка типа 135 (35-мм фотоплёнка),Compur-Rapid,Schneider-Kreuznach Xenon,"1775802
609447",1:2,5,На верхней части фотоаппарата выбита таблица соответствий ,,,,,,
Jhagee (plate),Jhagee,Фотоаппарат,1920,1930,Германия,Дрезден,73,,,589491,697,130x95x45,"Однообъективная, вертикальная",С раздвижным мехом,Алюминий,Форматная,6х9,100,Пластина,Compur,Schneider-Kreuznach Radionar,"776428
A120031","1:4,5",10.5,,,,,,,
"Karat 6,3 Art Deco ",Agfa,Фотоаппарат,1937,1938,Германия,Мюнхен,74,,,R.3773,400,120x70x40,"Однообъективная, горизонтальная",С раздвижным мехом,"Алюминий, пластик, сталь",Малоформатная,"2,4x3,6",15,Плёнка типа 135 (35-мм фотоплёнка),Agfa Aunomat,Agfa Karat Anastigmat Igestar,,"1:6,3",5.0,На передней панели украшения в стиле Арт-деко.,,,,,,
Lumiere,Galter,Фотоаппарат,1920,,,,75,,,,664,180x115x45,"Однообъективная, вертикальная",С раздвижным мехом,"Алюминий, дерево",Форматная,9х12,115,Пластина,Gallus,Lumiere Anastigmat Fidor,,"1:6,3",,По всей видимости объектив заменен на европейский,,,,,,
Rolleiflex I original№98949    ,Rollei,Фотоаппарат,1929,1932,Германия,,76,,,28597,692,190х75х90,"Двухобъективная, вертикальная",Жесткий,Алюминий,Форматная,"6х5,5",,Пленка,,"Heidoscop-Anastigmat
Schneider-Kreuznach Xenar","101761
904064","1:2,9
1:2,9","7,5
5",,,,,,,
Beier,Bettax,Фотоаппарат,,,Германия,,77,,,,562,160х90х35,"Однообъективная, вертикальная",С раздвижным мехом,Алюминий,Форматная,6х9,80,"Плёнка типа 120 (61,5-мм рольфильм)",,"Ludwig-Drerden
Victar",141880,"1:6,3",10.5,Объектив заменен,,,,,,
Киев Вега,Арсенал,Фотоаппарат,,,СССР Киев,,78,,,110548,167,80х40х25,"Однообъективная, горизонтальная",Жесткий,Алюминий,Микроформатная,"1х1,4",,Фотокиноплёнка 16-мм,,Индустар М,,"3,5",2.3,"Фотоаппарат комплектовался мягким чехлом, красным и жёлтым светофильтрами в специальных рамках.",,,,,,
Киев 30,Арсенал,Фотоаппарат,1974,1983,СССР Киев,,79,,,8153978,179,85х45х25,"Однообъективная, горизонтальная",Жесткий,Алюминий,Микроформатная,"1,3х1,7",,Плёнка типа 110 (16-мм фотоплёнка),,Индустар М,,"3,5","2,3",,,,,,,
Wirgin Deluxe. Mod. Wollensak ,RULEX,Фотоаппарат,1930,,Германия,,80,,,,906,160х125х50,"Однообъективная, вертикальная",С раздвижным мехом,Алюминий,Форматная,9х12,95,Пластина,,"Erkos-Freital Doppel-Anastigmat ""SELAR""","64244
93400","1:4,5","13,5",,,,,,,
Isolette III Mark I,Agfa,Фотоаппарат,1954,,Германия,Мюнхен,81,,,,530,140х95х35,"Однообъективная, горизонтальная",С раздвижным мехом,"Алюминий, кожа (искусственная), сталь",Форматная,6х6,50,"Плёнка типа 120 (61,5-мм рольфильм)",Pronto,Agfa Apotar,278387,"1:4,5",8.5,"Isolette от Agfa имел инновационный дизайн, определивший развитие камер до 60-х годов 20-го века.",,,,,,
Москва 3,"КМЗ, Красногорский завод им. С. А. Зверева",Фотоаппарат,1950,1951,СССР,"Красногорск, МО",82,,,5006542,672,125x80x55,"Однообъективная, вертикальная",С раздвижным мехом,Алюминий,Форматная,"6,5х9",75,Пластина,Момент-5,"Москва
Индустар-23","5010001
014454","1:4,5",11,,,,,,,
Herlang,Voigtländer,Фотоаппарат,,,Германия,Брауншвейг,83,,,,991,170х115х40,"Однообъективная, вертикальная",С раздвижным мехом,Алюминий,Форматная,9х12,90,Пластина,,"F.Deckel-Munchen
Compur
Steinheil Munchen
Doppelanastigmat Unofokal","2296392
230022","1:4,5","13,5",,,,,,,
Certasport,Certo,Фотоаппарат,1930,,Германия,,84,,,3870,737,135x95x45,"Однообъективная, вертикальная",С раздвижным мехом,Алюминий,Форматная,"6,5х9",150,Пластина,Compur,Meyer-Gorlitz Anastigmat Trioplan,"561917
474550","1:4,5",10.5,,,,,,,
Москва 4,"КМЗ, Красногорский завод им. С. А. Зверева",Фотоаппарат,1955,1958,СССР,"Красногорск, МО",85,,,5613261,890,155х95х45,"Однообъективная, горизонтальная",С раздвижным мехом,Алюминий,Форматная,6х9,70,Пленка,Момент-23С,Индустар-23,"5613133
5615624","1:4,5",11,"Изнутри на крышке выбита модель фотоаппарата, размер кадра, название фабрики производителя.
Так же внутри данного фотоаппарата сохранилась пленка.",,,,,,
Weltix,Welta,Фотоаппарат,1939,,Германия,,86,,,,465,120x75x40,"Однообъективная, горизонтальная",С раздвижным мехом,Алюминий,Малоформатная,"2,4x3,6",15,Плёнка типа 135 (35-мм фотоплёнка),,"F.Deckel-Munchen Compur
Steinheil Munchen Cassar","А461444   
477305","1:2,9",5,На задней крышке выбита таблица соответствий,,,,,,
Contessa Nettel,Ziess Ikon,Фотоаппарат,,,Германия,Штутгарт,87,,,374684,516,170x85x35,"Однообъективная, вертикальная",С раздвижным мехом,Алюминий,Форматная,"4,5x9",60,Пленка,,A.-G. Stuttgart Contessa-Nettel,,,,На верхней части фотоаппарата прибита реклама Herland (название романа),,,,,,
Super Ikonta 533/16,Ziess Ikon,Фотоаппарат,1937,1952,Германия,Дрезден,88,,,19138,1078,150x120x45,"Однообъективная, горизонтальная",С раздвижным мехом,Алюминий,Форматная,6х6,40,Пленка,Compur Rapid ,Carl Zeiss Jena Tessar,"4312864
2617897","1:2,8",8,Изнутри на крышке выбита модель пленки Zeiss Ikon Film B2-6x9 *2 1/4 x 3 1/4 in*,,,,,,
,Ziess Ikon,Фотоаппарат,,,Германия,Дрезден,89,,,,642,130x90x45,"Однообъективная, вертикальная",С раздвижным мехом,Алюминий,Форматная,6х9,140,Пластина,Compur,Carl Zeiss Jena Tessar,"A159601
2421785","1:4,5","10,5",Изнутри на крышечке наклейка с фамилией более известного как устроитель электромагнитного телеграфа Steinheil Munchen,,,,,,
Alpin,Voigtländer,Фотоаппарат,1907,1928,Германия,Брауншвейг,90,,,,920,145x110x55,"Однообъективная, горизонтальная",С раздвижным мехом,Алюминий,Форматная,"8,5x12",160,Пластина,Compur,"Voigtlander Braunschweig D.R.P. D.R.G.M.
Voigtlander Kollinear","361461
258646
161469","1:6,3","13,2",Данный фотоаппарат имеет тройное расширение меха,,,,,,
Nettar 515,Ziess Ikon,Фотоаппарат,1934,1941,Германия,Дрезден,91,,,J2102,430,115x90x40,"Однообъективная, вертикальная",С раздвижным мехом,Алюминий,Форматная,"4,5x6",40,Пленка,Derval,"Zeiss Ikon 
Nettar-anastigmat",,"1:6,3","7,5","Изнутри на крышке выбита модель пленки Zeiss Ikon Film B2-6x9 *2 1/4 x 3 1/4 in*
Так же имеется наклейка реклама пленки Zeiss Ikon Film ",,,,,,
Baltica Mechanik-Dresden,Baltica,Фотоаппарат,1951,,Германия,Дрезден,92,,,,427,120x80x35,"Однообъективная, вертикальная",С раздвижным мехом,Алюминий,Малоформатная,"2,4x3,6",20,Плёнка типа 135 (35-мм фотоплёнка),Ovus,"Balda-Dresden
Meritar E.Ludwig","20580
690468","1:2,9",5.0,На задней крышке выбита таблица соответствий,,,,,,
Nettar 515,Ziess Ikon,Фотоаппарат,1934,1941,Германия,Дрезден,93,,,K91729,431,120x85x45,"Однообъективная, вертикальная",С раздвижным мехом,Алюминий,Форматная,"4,5x6",40,Пленка,Zeiss Ikon,Nettar-Anastigmat,,"1:4,5","7,5","Изнутри на крышке выбита модель пленки Zeiss Ikon Film B2-6x9 *2 1/4 x 3 1/4 in*
Так же имеется наклейка реклама пленки Zeiss Ikon Film ",,,,,,
Москва 4,"КМЗ, Красногорский завод им. С. А. Зверева",Фотоаппарат,1955,1958,СССР,"Красногорск, МО",94,,,5617492,863,160x9550,"Однообъективная, вертикальная",С раздвижным мехом,Алюминий,Форматная,6х9,70,Пленка,Момент-23C,"Москва
Индустар-23","5615476
5619253","1:4,5",11,,,,,,,
,Xenon,Объектив,,,Германия,,95,,,,155,,,,Алюминий,,,,,,"Xenon 
Schneider-Kreuznach",,"1:1,4","2,5",,,,,,,
Nettar (515/2),Ziess Ikon,Фотоаппарат,1934,1941,Германия,Дрезден,96,,,27424,708,165x90x55,"Однообъективная, вертикальная",С раздвижным мехом,Алюминий,Форматная,6х9,70,Пленка,Zeiss Ikon,Novonar Anastigmat,,"1:4,5",11,,,,,,,
Москва 2 (1948 г),"КМЗ, Красногорский завод им. С. А. Зверева",Фотоаппарат,1947,1956,СССР,"Красногорск, МО",97,,,4820547,837,155х90х40,"Однообъективная, вертикальная",С раздвижным мехом,Алюминий,Форматная,6х9,100,Пленка,без указания,Индустар 23,4818221,"1:4,5",11,,,,,,,
Erсona II,PENTACON Ziess Ikon,Фотоаппарат,1956,,Германия,Дрезден,98,,,,759,160х95х40,"Однообъективная, вертикальная",С раздвижным мехом,Алюминий,Форматная,6х9,95,Пленка,Tempor,Novonar Anastigmat,,"1:4,5",11,,,,,,,
Wata,Фотовспышка,Фотовспышка,,,Германия,,99,,,,113,145х125х65,Фотовспышка электрическая,,Алюминий,,,,,,,,,,,,,,,,
Искра,"КМЗ, Красногорский завод им. С. А. Зверева",Фотоаппарат,1960,1963,СССР,"Красногорск, МО",100,,,6308431,899,155х105х40,"Однообъективная, горизонтальная",С раздвижным мехом,Алюминий,Форматная,6х6,60,Пленка,,Индустар 58,6314401,"1:3,5","7,5",Заряжен пленкой,,,,,,
Москва 5,"КМЗ, Красногорский завод им. С. А. Зверева",Фотоаппарат,1956,1960,СССР,"Красногорск, МО",101,,,5718964,885,160х90х45,"Однообъективная, горизонтальная",С раздвижным мехом,Алюминий,Форматная,6х6,100,Пленка,Момент 24С,Индустар 24,27745,"1:3,5","10,5",,,,,,,
Regent,Kodak,Фотоаппарат,1935,1939,Германия,,102,,,781921,747,,"Однообъективная, вертикальная",С раздвижным мехом,"Алюминий, кожа (искусственная), сталь",Форматная,6х9,70,Пленка,Compur-Rapid,Tessar,1798113,"1:4,5",10.5,Внутри на крышке имеется наклейка с рекламой пленки кодак,,,,,,
Juwella,Balda,Фотоаппарат,1933,,Германия,Дрезден,103,,,121631,585,120x80x35,"Однообъективная, вертикальная",С раздвижным мехом,"Алюминий, кожа (искусственная), сталь",Форматная,6х9,70,"Плёнка типа 120 (61,5-мм рольфильм)",Prontor,Trinar,,"1:4,5",10.5,"Первые образцы данной модели назывались Jubella, но позднее были переименованы в  Juwella.",,,,,,
,Прибор для просмотра картинок,Другое,,,,,104,,,,530,,,,,,,,,,,,,,Увеличительное стекло в деревянном корпусе,,,,,,
Mamia C3,Mamiya Camera company,Фотоаппарат,,,Япония,,105,,,236867,1818,160x95x170,"Двухобъективная, вертикальная",С раздвижным мехом,Алюминий,Форматная,6х6,60,Пленка,Seikosha-S,"Mamiya-Sekor,
Seikosha-S","1153666
1153558","1:3,5",10.5,,,,,,,
ЭФТЭ 2,"ГОМЗ, Фототруд",Фотоаппарат,1931,1933,СССР,,106,,,,752,150х105х60,"Однообъективная, вертикальная",С раздвижным мехом,Алюминий,Форматная,9х12,105,Пленка,,Перископ Москва,,,15,,,,,,,
Vest Pocket Autographic ,Kodak,Фотоаппарат,1915,1926,Канада,,107,,,,327,120х60х23,"Однообъективная, вертикальная",С раздвижным мехом,Алюминий,Малоформатная,"4,5х4,5",50,Пленка,Kodak Ball Bearing Shutter,,,,,На задней панели идет перечисление многих патентов,,,,,,
Recto,Contessa Nettel,Фотоаппарат,1921,,Германия,Дрезден,108,,,,237,80х58х28,"Однообъективная, горизонтальная",С раздвижным мехом,Алюминий,Малоформатная,"4,5х6",70,Пластина,,,,,,,,,,,,
Ica,ICA A-G,Фотоаппарат,,,Германия,,109,,,,507,125x100x50,"Однообъективная, вертикальная",С раздвижным мехом,"Алюминий, дерево",Форматная,6х9,100,Пластина,,Helios,299575,1:8,12.0,На внутренней поверхности название ICA  и пятиконечная звезда,,,,,,
Autographic №1А,Kodak,Фотоаппарат,1910,,США ,,110,,,,762,200х95х40,"Однообъективная, вертикальная",С раздвижным мехом,Алюминий,Форматная,6х12,110,Пленка,Kodak Ball Bearing Shutter,Kodak Anastigmat,180343,"1:7,7",13.0,На обратной стороне крышки перечисление многих патентов,,,,,,
Voigtländer,Voigtländer,Фотоаппарат,1930,,Германия,Брауншвейг,111,,,,979,155х110х50,"Однообъективная, вертикальная",С раздвижным мехом,Алюминий,Форматная,9х12,160,Пластина,Ibsor,Anastigmat Trioplan,430522,"1:4,5","13,5",,,,,,,
Makina (1),Plaubel,Фотоаппарат,1920,1933,Германия,,112,,,,1018,130х90х60,"Однообъективная, вертикальная",Клапп-камера,Алюминий,Форматная,"6,5х9",70,Пластина + плёнка,COMPUR,Anticomar,85029,"1:2,9",10.0,,,,,,,
Avus,Voigtländer,Фотоаппарат,1927,,Германия,Брауншвейг,113,,,,629,125х90х50,"Однообъективная, вертикальная",С раздвижным мехом,Алюминий,Форматная,6х9,110,Пластина,Voigtländer,Anastigmat Skopar,329441,"1:4,5","10,5",,,,,,,
Autographic №3А,Kodak Eastman,Фотоаппарат,1914,1934,США ,,114,,,27591,1207,240х120х45,"Однообъективная, вертикальная",С раздвижным мехом,Алюминий,Форматная,9х12,150,Пленка,,Rapid Rectilinear Bausch,,,,На обратной стороне крышки перечисление многих патентов,,,,,,
Спутник-стерео,ГОМЗ ,Фотоаппарат,1955,,СССР,,115,,,,806,150х100х95,Трехобъективный,Стерео зеркальный,Бакелит,Форматная,6х13,,Пленка,,Т-22,53890,"1:4,5","7,5",,,,,,,
Avus,Voigtländer,Фотоаппарат,1927,1936,Германия,Брауншвейг,116,,,D9600261,642,125х90х50,"Однообъективная, вертикальная",С раздвижным мехом,Алюминий,Форматная,"6,5х9",110,Пластина,,Anastigmat Pololyt,209691,"1:6,3","12,5",,,,,,,
Altissa (prism-shaped top) ,Eho Altissa ,Фотоаппарат,1954,,Германия,,117,,,,305,110х75х75,"Однообъективная, вертикальная",Бокс камера,Алюминий,Форматная,6х6,,"Плёнка типа 120 (61,5-мм рольфильм)",,Periskop,,1:8,,,,,,,,
POCKET KODAK Junior 1,Kodak ,Фотоаппарат,1929,1932,США,,118,,,,628,160х80х30,"Однообъективная, вертикальная",С раздвижным мехом,Алюминий,Форматная,6х9,,Пленка,KODO,Doublet,,,,,,,,,,
Reporter BOX,Carl Braun camerawerke,Фотоаппарат,1955,,Германия,,119,,,,469,130х105х85,"Однообъективная, вертикальная",Бокс камера,Жесть,Форматная,6х9,,"Плёнка типа 120 (61,5-мм рольфильм)",,Optik,,,12.5,,,,,,,
Anastigmat Jgestar ,Agfa,Фотоаппарат,1933,1942,Германия,Мюнхен,120,,,,620,160x75x40,"Однообъективная, вертикальная",С раздвижным мехом,"Алюминий, кожа (искусственная), сталь",Форматная,6х9,90,"Плёнка типа 120 (61,5-мм рольфильм)",,Agfa Anastigmat Jgestar,,,7.7,,,,,,,
№O Brownie Camera A,Kodak,Фотоаппарат,1900,,США,,121,,,,172,115х90х65,"Однообъективная, вертикальная",Бокс камера,Дерево,Форматная,6х6,,Пленка,,,,,,,,,,,,
№127 Brownie Camera ,Kodak,Фотоаппарат,1934,1941,США,,122,,,,193,75х65х60,"Однообъективная, вертикальная",Бокс камера,Бакелит,Форматная,"4,5х6",,Пленка,,,,,,,,,,,,
Glorina,Balda,Фотоаппарат,1934,1936,Германия,Дрезден,123,,,714519,595,155х80х30,"Однообъективная, вертикальная",С раздвижным мехом,Алюминий,Форматная,6х9,80,"Плёнка типа 120 (61,5-мм рольфильм)",PRONTO,Anastigmat- Trinar,,"1:4,5",10.5,,,,,,,
Vero,,Фотоаппарат,,,Германия,,124,,,,325,130x65x25,"Однообъективная, вертикальная",С раздвижным мехом,Алюминий,Форматная,6х9,45,Пленка,VERO,"""Fotar""",54964,"1:6,3","8,5",,,,,,,
"Suevia,
Contessa-Nettel ",Ziess Ikon,Фотоаппарат,1926,1927,Германия,Дрезден,125,,,,422,110x80x40,"Однообъективная, вертикальная",С раздвижным мехом,Алюминий,Форматная,6х9,70,Пластина,JCA,Nostar,691111,"1:6,8","10,5",С боку на корпусе эмблема J.Rodenstock Berlin Munchen,,,,,,
Dacora 1,Dacora,Фотоаппарат,1952,,Германия,,126,,,,457,130x90x40,"Однообъективная, горизонтальная",С раздвижным мехом,"Алюминий, кожа (искусственная), сталь",Форматная,6х9,40,"Плёнка типа 120 (61,5-мм рольфильм)",Pronto,Ennar,736231,"1:3,5",7.5,,,,,,,
Спутник,,Бачок промывочный,1955,,,,127,,,,730,165х135х85,,,Бакелит,,,,,,,,,,,,,,,,
Полевой Бинокль,,Бинокль,,,,,128,,,,243,110х100х50,,Полевой,Латунь,,,,,,,,,,,,,,,,
полевой Бинокль,,Бинокль,,,,,129,,,,94,95х40х30,,Театральный,Латунь,,,,,,,,,,,,,,,,
Полевой Бинокль,,Бинокль,,,,,130,,,,182,115х75х35,,Кавалерийский,Латунь,,,,,,,,,,,,,,,,
Полевой Бинокль,,Бинокль,,,,,131,,,,278,120х80х45,,Полевой,Латунь,,,,,,,,,,,,,,,,
Plastoscop,Krugener,Фотоаппарат,,,Германия,,132,,,,323,130x55x33,"Двухобъективная, горизонтальная",Стерео,"Алюминий, кожа (искусственная), сталь",Форматная,"4,5х4,5",35,Пластина,,,,,,,,,,,,
Baby-Box Tengor 54/18,Ziess Ikon,Фотоаппарат,1934,1938,Германия,Дрезден,133,,,,229,80х60х53,"Однообъективная, вертикальная",Бокс камера,"Алюминий, кожа (искусственная), сталь",Форматная,3х4,,Пленка,,"Goerz Frontar
 D.R.P.",,,,,,,,,,
Метеор 5-1,"КМЗ, Красногорский завод им. С. А. Зверева",Объектив,,,СССР,"Красногорск, МО",134,,,,818,170х65х80,,,"Бакелит, алюминий",,,,,,Метеор 5-1,753270,"1:1,9","6,9",,,,,,,
,,Бачок промывочный,,,СССР,,135,,,"143912
1439/4 7",221,110х100х70,,,Бакелит,,,,,,,,,,,,,,,,
,,Бачок промывочный,,,СССР,,136,,,"6413/2
6413/4 2-26",227,,,,,,,,,,,,,,,,,,,,
,ГОМЗ ,Бачок промывочный,,,СССР,,137,,,,1114,260х180х100,,,Бакелит,,,,,,,,,,"По типу корпуса - жесткие, с выдвижным тубусом, с раздвижным мехом, клапп-камера, ящичный",,,,,,
Sixtomat X3,Экспонометр,Экспонометр,,,Германия,,138,,,B4D4771,144,75х50х30,,,,,,,,,,,,,,,,,,,
Киев 30,Арсенал,Фотоаппарат,1974,1983,СССР,,139,,,77100692,183,85х40х20,"Однообъективная, горизонтальная",Жесткий,"Алюминий, кожа (искусственная), сталь",Микроформатная,"1,3х1,7",,Плёнка типа 110 (16-мм фотоплёнка),,"Индустар М 3,5/24",,"3,5",2.4,,,,,,,
Ленинград 8,Экспонометр,Экспонометр,,,СССР,,140,,,10661,92,"80х55х2,5",,,Бакелит,,,,,,,,,,,,,,,,
Янтарь,Таймер для лабораторных работ,Другое,,,СССР,,141,,,,457,115х115х55,,,Пластик,,,,,,,,,,,,,,,,
Москва-2,"КМЗ, Красногорский завод им. С. А. Зверева",Фотоаппарат,1947,1956,СССР,"Красногорск, МО",142,,,5107090,851,165х95х45,"Однообъективная, вертикальная",С раздвижным мехом,"Алюминий, кожа (искусственная), сталь",Форматная,6х9,80,Пленка,Момент-1,Индустар-23,66606,"1:4,5",11,,,,,,,
Avus,Voigtländer,Фотоаппарат,1919,1934,Германия,Брауншвейг,143,,,,658,125х95х45,"Однообъективная, вертикальная",С раздвижным мехом,"Алюминий, кожа (искусственная), сталь",Форматная,6х9,115,Пластина,IBSOR,"Anastigmat ""Skopar""","328231
80747","1:4,5","10,5",,,,,,,
Automatic Land 420,Polaroid,Фотоаппарат,1971,,США,,144,,,AX386734,982,185х145х60,"Однообъективная, горизонтальная",С раздвижным мехом,"Алюминий, кожа (искусственная), сталь",Форматная,8х10,95,Пленка,,,,,,,,,,,,
Фотокор 1,ГОМЗ ,Фотоаппарат,1928,1940,СССР,,145,,,869680,930,170х110х50,"Однообъективная, вертикальная",С раздвижным мехом,"Алюминий, кожа (искусственная), сталь",Форматная,9х12,125,Пластина,ГОМЗ,Ортагоз Анастигмат,19334,"1:4,5","13,5",,,,,,,
Noris,Baldina Bada,Фотоаппарат,1936,,Германия,Мюнхен,146,,,,610,150х90х35,"Однообъективная, вертикальная",С раздвижным мехом,"Алюминий, кожа (искусственная), сталь",Форматная,6х9,70,Пленка,PRONTOR II,Corygon-Anastigmat,225016,"1:4,5","10,5",,,,,,,
Heli-Clack,RIETZSCHEL,Фотоаппарат,1910,,Германия,Дрезден,147,,,,959,150х115х50,"Однообъективная, горизонтальная",С раздвижным мехом,"Алюминий, кожа (искусственная), сталь",Форматная,8х11,150,Пластина,,Tessar,"856395
619830
258646","1:4,5",12,затвор переставлен,,,,,,
Super Ikonta B 532/16,Ziess Ikon,Фотоаппарат,1937,1956,Германия,Дрезден,148,,,H 14003,914,145х100х45,"Однообъективная, горизонтальная",С раздвижным мехом,"Алюминий, кожа (искусственная), сталь",Форматная,6х6,40,Пленка,COMPUR RAPID,Tessar,2617660,"1:2,8",8,,,,,,,
Juwella,Balda,Фотоаппарат,1933,,Германия,Дрезден,149,,,,585,120x80x35,"Однообъективная, вертикальная",С раздвижным мехом,"Алюминий, кожа (искусственная), сталь",Форматная,6х9,70,"Плёнка типа 120 (61,5-мм рольфильм)",Balda,Juwella-Anastigmat,,"1:4,5",10.5,"Первые образцы данной модели назывались Jubella, но позднее были переименованы в  Juwella.",,,,,,
Москва 1,"КМЗ, Красногорский завод им. С. А. Зверева",Фотоаппарат,1946,1949,СССР,"Красногорск, МО",150,,,4812938,700,160х90х40,"Однообъективная, вертикальная",С раздвижным мехом,"Алюминий, кожа (искусственная), сталь",Форматная,6х9,70,Пленка,,Индустар-23,017484,"1:4,5",11,,,,,,,
Verascope,Jules Richard ,Фотоаппарат,1890,1930,Париж,,151,,,17110,1020,140х40х85,"Однообъективная, горизонтальная",Жесткий,"Алюминий, кожа (искусственная), сталь",Форматная,"1,7х4,5",,Пластина,,Tessar-Zeiss F-55,"53716
53743",,5.5,,,,,,,
Ica Volta,Ziess Ikon,Фотоаппарат,1927,1931,Германия,Дрезден,152,,,"G39
L19007",856,150х115х45,"Однообъективная, вертикальная",С раздвижным мехом,"Алюминий, кожа (искусственная), сталь",Форматная,9х12,100,Пластина,Ziess Ikon,"""Preminar""","738090
28803","1:4,5","13,5",,,,,,,
Ikonta,Ziess Ikon,Фотоаппарат,1929,,Германия,Дрезден,153,,,Q 16672,625,170х85х35,"Однообъективная, вертикальная",С раздвижным мехом,"Алюминий, кожа (искусственная), сталь",Форматная,6х9,70,Пленка,DERVAL,Novar-Anastigmat,93165,"1:6,3","10,5",,,,,,,
,Voigtländer,Фотоаппарат,,,Германия,Брауншвейг,154,,,,1035,150х150х50,"Однообъективная, вертикальная",С раздвижным мехом,"Алюминий, кожа (искусственная), сталь",Форматная,8х11,135,Пластина,IBSOR, Anastigmat Actinar,"196979
","1:4,5","13,5",,,,,,,
Bessa ,Voigtländer,Фотоаппарат,1931,1949,Германия,Брауншвейг,155,,,817190,462,150х75х30,"Однообъективная, вертикальная",С раздвижным мехом,"Алюминий, кожа (искусственная), сталь",Форматная,6х9,65,Пленка,,Anastigmat Voigtar ,,"1:6,3",,,,,,,,
Taxo ,Ziess Ikon,Фотоаппарат,1927,1931,Германия,Дрезден,156,,,,777,155x110x45,"Однообъективная, вертикальная",С раздвижным мехом,"Алюминий, кожа (искусственная), сталь",Форматная,9х12,110,Пластина,DERVAL,Novar-Anastigmat,901195,"1:6,3","13,5",,,,,,,
Maximar 207/1,Ziess Ikon,Фотоаппарат,1927,1939,Германия,Дрезден,157,,,,1079,155х110х50,"Однообъективная, вертикальная",С раздвижным мехом,"Алюминий, кожа (искусственная), сталь",Форматная,9х12,155,Пластина,Compur,Dominar Anastigmat,"258646
160780
842906","1:4,5","13,5",,,,,,,
Фотокор,ГОМЗ ,Фотоаппарат,1928,1940,CCCР,,158,,,837073,1052,155х110х55,"Однообъективная, вертикальная",С раздвижным мехом,"Алюминий, кожа (искусственная), сталь",Форматная,9х12,145,Пластина,ГОМЗ,Ортагоз,899599,,,,,,,,,
Taxo 64,Ziess Ikon,Фотоаппарат,1927,1931,Германия,Дрезден,159,,,,800,150х110х45,"Однообъективная, вертикальная",С раздвижным мехом,"Алюминий, кожа (искусственная), сталь",Форматная,9х12,90,Пластина,DERVAL,Nostar,731747,"1:6,3","13,5",,,,,,,
Flash Bantam,Kodak,Фотоаппарат,1948,1953,Германия,,160,,,,475,115х70х35,"Однообъективная, горизонтальная",С раздвижным мехом,"Алюминий, кожа (искусственная), сталь",Малоформатная,"3х4,5",15,Пленка,,"
Kodak Anastar",EI4730,"1:4,5",4.8,,,,,,,
Ideal 250/7,Ziess Ikon,Фотоаппарат,1927,1938,Германия,Дрезден,161,,,,1289,160х120х50,"Однообъективная, вертикальная",С раздвижным мехом,"Алюминий, кожа (искусственная), сталь",Форматная,9х12,130,Пластина,,Carl Zeiss Jena,"620621
258646","1:4,5","13,5",,,,,,,
Ideal,ICA A-G,Фотоаппарат,1927,1938,Германия,,162,,,,1938,220х165х60,"Однообъективная, вертикальная",С раздвижным мехом,"Алюминий, кожа (искусственная), сталь",Форматная,14х19,130,Пластина,Compound,"
Carl Zeiss Jena Doppel Amatar ",124864,"1:6,8",18.0,На фотоаппарате металлическая реклама с изображением герба РФ и адресами,,,,,,
Certo,Certo,Фотоаппарат,,,Германия,Дрезден,163,,,,1309,155x110x50,"Однообъективная, вертикальная",С раздвижным мехом,"Алюминий, кожа (искусственная), сталь",Форматная,9х12,160,Пластина,Compur,Tessar Carl Zeiss Jena,"228258
258646
222450","1:6,3",13.5,,,,,,,
Cartridge Kodak №3,Kodak,Фотоаппарат,1900,1907,Германия,,164,,,3219,1378,210x160x85,"Однообъективная, горизонтальная",С раздвижным мехом,"Красное дерево, сталь, кожа",Форматная,9х12,140,Пленка,,Optical Co. Rapid,,,,Изнутри на крышке наклейка с названием производителя,,,,,,
Halloh 510,ICA A-G,Фотоаппарат,1914,1926,Германия,,165,,,,970,195х110х40,"Однообъективная, вертикальная",С раздвижным мехом,"Алюминий, кожа (искусственная), сталь",Форматная,9х12,95,Пластина,JCA,Zeiss-Icar,207421,"1:6,3",13.5,,,,,,,
,Voigtländer,Фотоаппарат,,,Германия,Мюнхен,166,,,,526,125x90x35,"Однообъективная, вертикальная",С раздвижным мехом,"Алюминий, кожа (искусственная), сталь",Форматная,6х9,120,Пластина,IBSOR,Doppel Anastigmat Eurynar,"311430
408556","1:4,5","10,5",,,,,,,
Original Gauthien,,Фотоаппарат,,,Германия,,167,,,152867,907,220x145,"Однообъективная, вертикальная",С раздвижным мехом,"Алюминий, кожа (искусственная), сталь",Форматная,9х12,210,Пластина,,Jhagee-Anastigmat,23553,"1:4,5","13,5",,,,,,,
Jerie 4,TAUBER,Фотоаппарат,1910,,Германия,,168,,,,2348,240x215x75,"Однообъективная, вертикальная",С раздвижным мехом,Дерево,Форматная,12х18,250,Пластина,,Rapid Aplanat,,1:8,,,,,,,,
Premo,Premo Camera,Фотоаппарат,1903,,США,,169,,,,1923,220х190х50,"Однообъективная, вертикальная",С раздвижным мехом,Дерево,Форматная,12х18,340,Пластина,,Bausch & Lomb-Zeiss Tessar,"385672
1259015",,,,,,,,,
Pony Premo №4,Kodak Premo,Фотоаппарат,1898,1912,США,,170,,,,1891,210x200x90,"Однообъективная, вертикальная",С раздвижным мехом,Дерево,Форматная,12х18,150,Пластина,,Auto,,,,,,,,,,
Rayment*s Patent,PERKEN,Фотоаппарат,1886,1989,Великобритания ,Лондон,171,,,,1505,220х220х60,"Однообъективная, вертикальная",С раздвижным мехом,Дерево,Форматная,12х18,200,Пластина,,,,,,,,,,,,
Mentor Reflex,GOLTZ,Фотоаппарат,1898,,Германия,Дрезден,172,,,,2698,190x180x140,Зеркальный,С раздвижным мехом,"Дерево, латунь",Форматная,9х12,70,Пластина,,Tessar,513458,"1:4,5",16.5,,,,,,,
,,Фото  в рамке,,,,,173,,,,,,,,,,,,,,,,,,Семейное фото. Начало XX века,,,,,,
Weita,Voigtländer,Фотоаппарат,,,Германия,Мюнхен,174,,,,1058,155х115х55,"Однообъективная, вертикальная",С раздвижным мехом,"Алюминий, дерево",Форматная,9х12,220,Пластина,Compur, Dialitar Serie T,"202413
2286055","1:4,5",15,,,,,,,
Avus,Voigtländer,Фотоаппарат,,,Германия,Брауншвейг,175,,,,674,140x110x45,"Однообъективная, горизонтальная",С раздвижным мехом,"Алюминий, кожа (искусственная), сталь",Форматная,9х12,150,Пластина,,Anastigmat,135905,"1:6,8","13,5",,,,,,,
Eurynar,G Rodenstock,Фотоаппарат,,,Германия,,176,,,258646,1100,180x130x50,"Однообъективная, вертикальная",С раздвижным мехом,"Алюминий, дерево",Форматная,9х12,150,Пластина,Compur,Anastigmat Eurynar,273697,"1:4,5",16.5,,,,,,,
Anschütz,C.P.Goerz,Фотоаппарат,1896,1910,Германия,,177,,,26329,1591,165x145x100,"Однообъективная, горизонтальная",С раздвижным мехом,"Алюминий, кожа (искусственная), сталь",Форматная,9х12,60,Пластина,,Anastigmat Serie III,182536,"1:6,8",12.0,,,,,,,
ФКД,"Харьковский 
Совнархоз Фотофабрика",Фотоаппарат,1963,,СССР,Харьков,178,,,8062,3128,370х240х120,"Однообъективная, вертикальная",С раздвижным мехом,"Дерево, сталь",Форматная,13х18,240,Пластина,,Индустар 51,600155,"1:4,5",21,,,,,,,
Mentor Panorama,Mentor Fabrik GOLTZ & BREUTMANN,Фотоаппарат,1965,1980,Германия,"Берлин, Дрезден",179,,,,6016,300x240x135,"Однообъективная, вертикальная",С раздвижным мехом,"Дерево, сталь",Форматная,13х18,200,Пластина,,ОБЪЕКТИВ НУЖНО ВЫКРУТИТЬ С КАМЕРЫ - ОН ВНУТРИ ОСТАЛСЯ,,,,,,,,,,
ФКД,Минприбор ,Фотоаппарат,1979,,СССР,Харьков,180,,,,3128,,"Однообъективная, вертикальная",С раздвижным мехом,"Дерево, сталь",Форматная,13Х18,,Пластина,,Индустар 51,,"1:4,5",21.0,,,,,,,
,Voigtländer,Фотоаппарат,,,Германия,,181,,,,3128,,"Однообъективная, вертикальная",С раздвижным мехом,"Дерево, сталь",Форматная,9х12,,Пластина,IBSOR,,,,,,,,,,,
Billy II Jgetar,Agfa,Фотоаппарат,1928,1931,Германия,Мюнхен,182,,,,515,160х75х35,"Однообъективная, вертикальная",С раздвижным мехом,"Алюминий, кожа (искусственная), сталь",Форматная,6х9,70,"Плёнка типа 120 (61,5-мм рольфильм)",,Agfa Anastigmat Jgetar,,8.8,,"На лицевой панели оранжевый лейбл Agfa, внутри на крышке наклейка с рекламой пленки Agfa Film.",,,,,,
Roja,Emil Busch ,Фотоаппарат,1897,1907,Германия,,183,,,,797,150x125x60,"Однообъективная, горизонтальная",С раздвижным мехом,"Дерево, сталь",Форматная,9х12,110,Пластина,,Vorm,,,,"На верхней стороне крышки лейбл Торговый Дом А. Климовичъ СПБ, Литейный пр. 22",,,,,,
Jubilette,Balda,Фотоаппарат,1938,,Германия,Мюнхен,184,,,,424,120x85x30,"Однообъективная, вертикальная",С раздвижным мехом,"Алюминий, кожа (искусственная), сталь",Малоформатная,"2,4x3,6",20,Плёнка типа 135 (35-мм фотоплёнка),Compur,Copygon-Anastigmat,225602,"1:2,9",5.0,Модель выпущена к 25-летию компании Balda.,,,,,,
Meoskop,Meopto,Стереоскоп,1968,,Чехословакия,,185,,,,150,110х95х70,,,Пластик,,,,,,,,,,,,,,,,
Jhagee,Ziess Ikon,Фотоаппарат,1933,1978,Германия,Дрезден,186,,,,980,150x110x50,"Однообъективная, вертикальная",С раздвижным мехом,"Алюминий, кожа (искусственная), сталь",Форматная,9х12,200,Пластина,VARIO,,,,,,,,,,,
Момент,ГОМЗ ,Фотоаппарат,1952,1954,СССР,,187,9000,,,1711,240х115х75,"Однообъективная, вертикальная",С раздвижным мехом,"Алюминий, кожа (искусственная), сталь",Форматная,"8х10,5",95,Пленка,,Трипплет-26,5403396,"1:6,8","13,5",,,,,,,
Heag VII (1904 г),Ernemann HEAG,Фотоаппарат,1904,1908,Германия,Дрезден,188,,,,8840,155х125х60,"Однообъективная, вертикальная",С раздвижным мехом,"Красное дерево, сталь, кожа",Форматная,9х12,230,Пластина,BOB Trnemann,Aplanat №1,84969,"1:6,8",,,,,,,,
Monopol №9,Hüttig,Фотоаппарат,1903,,Германия,,189,,,56657,1726,240x195x110,"Двухобъективная, вертикальная",Бокс камера,Дерево,Форматная,9х12,,Пластина,,,,,,"На верхней стороне лейбл ""Monopol"" GEBR. M. SCN. №17262",,,,,,
Panoram №1 model D,Kodak,Фотоаппарат,1900,1926,США,,190,,,5167,699,185x110x80,"Однообъективная, горизонтальная",Рольфильм камера,Дерево,Форматная,6х18,,Пленка,,,,,,,,,,,,
Detectiv  ,Ernemann,Фотоаппарат,,,Германия,,191,,,,727,150х115х45,"Однообъективная, горизонтальная",С раздвижным мехом,"Алюминий, кожа (искусственная), сталь",Форматная,9х12,220,Пластина,,Aplanat №1,206024,"1:6,8",,"На верхней стороне лейблы Оскаръ Кантъ преем. Вольдемаръ Бауэръ Москва Фуркасовский пер.
",,,,,,есть в витрине
Bessa,Voigtländer,Фотоаппарат,1937,,Германия,Брауншвейг,192,,,,611,160x80x35,"Однообъективная, вертикальная",С раздвижным мехом,"Алюминий, кожа (искусственная), сталь",Форматная,6х9,65,Пленка,Compur,"Anastigmat 
Voigtar",987972,"1:4,5",11,,,,,,,
Autigraphic №3,Kodak,Фотоаппарат,1914,1933,США,,193,,,,876,190x110x40,"Однообъективная, вертикальная",С раздвижным мехом,"Алюминий, кожа (искусственная), сталь",Форматная,"8x10,5",95,Пленка,,Anastigmat,3806,,7.7,,,,,,,
ЭФТЭ ,Фототруд,Фотоаппарат,1929,1931,СССР,,194,,,,997,150х115х60,"Однообъективная, вертикальная",С раздвижным мехом,"Алюминий, кожа (искусственная), сталь",Форматная,9х12,110,Пластина,VARIO,Перескоп,,,15,Обклеен зеленым кожзаменителем,,,,,,
Ikonta 520/2,Ziess Ikon,Фотоаппарат,1930,1937,Германия,Дрезден,195,,,,627,165x80x35,"Однообъективная, вертикальная",С раздвижным мехом,"Алюминий, кожа (искусственная), сталь",Форматная,9х12,70,Пленка,DERVAL,Novar-Anastigmat,947065,"1:6,3","10,5",,,,,,,
Ica Volta 146/1,Ziess Ikon,Фотоаппарат,1914,1932,Германия,Дрезден,196,,,,841,155x110x35,"Однообъективная, вертикальная",С раздвижным мехом,"Алюминий, кожа (искусственная), сталь",Форматная,9х12,80,Пластина,DERVAL,Novar-Anastigmat,703323,"1:6,3","13,5",,,,,,,
Bessa,Voigtländer,Фотоаппарат,1939,,Германия,Брауншвейг,197,,,,594,,"Однообъективная, вертикальная",С раздвижным мехом,"Алюминий, кожа (искусственная), сталь",Форматная,6х9,75,Пленка,Compur,"Anastigmat
Skopar",670387,"1:4,5","10,5",,,,,,,
Ideal 111,Ziess Ikon,Фотоаппарат,1920,,Германия,Дрезден,198,,,,773,130x90x45,"Однообъективная, вертикальная",С раздвижным мехом,"Алюминий, кожа (искусственная), сталь",Форматная,6х9,120,Пластина,Compur,"Carl Zeiss Jena
Tessar",294397,"1:4,5",12,,,,,,,
Арфо-3,(ГОМЗ) Фототруд,Фотоаппарат,1938,,СССР,,199,,,,1113,150х15х60,"Однообъективная, вертикальная",С раздвижным мехом,"Алюминий, кожа (искусственная), сталь",Форматная,9х12,220,Пластина,ГОМЗ,Ортагоз,959915,"1:4,5","13,5",,,,,,,
RIO ,Orionwerk (Voigtländer),Фотоаппарат,1923,,Германия,Брауншвейг,200,,,238039,928,155x115x45,"Однообъективная, вертикальная",С раздвижным мехом,"Алюминий, кожа (искусственная), сталь",Форматная,9х12,220,Пластина,Compur,"Anastigmat
Skopar",258252,"1:4,5","13,5",,,,,,,
Certoruf,Certo,Фотоаппарат,1929,,Германия,Дрезден,201,,,,912,160x115x50,"Однообъективная, вертикальная",С раздвижным мехом,"Алюминий, кожа (искусственная), сталь",Форматная,9х12,240,Пластина,Compur,Anastigmat Eurynar,257751,"1:4,5",13.5,,,,,,,
Cycle Poco №1 ,Rochester Camera Co,Фотоаппарат,1896,,Великобритания,,202,,,,1100,160х140х75,"Однообъективная, горизонтальная",С раздвижным мехом,"Красное дерево, алюминий",Форматная,9х12,150,Пластина,UNIGUM,Aristostigmat,125560,"1:6,8",12,,,,,,,
Avus,Voigtländer,Фотоаппарат,1927,1935,Германия,Брауншвейг,203,,,,1136,150х115х55,"Однообъективная, вертикальная",С раздвижным мехом,"Алюминий, кожа (искусственная), сталь",Форматная,9х12,180,Пластина,Compur,"Anastigmat
Skopar",408410,"1:4,5","13,5",,,,,,,
ГОМЗ ,ГОМЗ ,Объектив,,,СССР,,204,,,,,,,,,,,,,,,,,,,,,,,,
С. Есенин,Фото-Молния,Зажигалка,,,СССР,,205,,,,,60х40х20,,,,,,,,,,,,,,,,,,,
Фотокор 1,ГОМЗ ,Фотоаппарат,1930,1941,СССР,,206,,,505623,1052,155х110х55,"Однообъективная, вертикальная",С раздвижным мехом,"Алюминий, кожа (искусственная), сталь",Форматная,9х12,145,Пластина,ГОМЗ,Ортагоз,522137,"1:4,5","13,5",,,,,,,
Bergheil ,Voigtländer,Фотоаппарат,1914,1930,Германия,Брауншвейг,207,,,,1377,180х120х50,"Однообъективная, вертикальная",С раздвижным мехом,"Алюминий, кожа (искусственная), сталь",Форматная,10x15,220,Пластина,Compur,Anastigmat Lloyd,172392,"1:6,8",18,,,,,,,
Москва 2,"КМЗ, Красногорский завод им. С. А. Зверева",Фотоаппарат,1947,1956,СССР,"Красногорск, МО",208,,,,866,160х90х45,"Однообъективная, вертикальная",С раздвижным мехом,"Алюминий, кожа (искусственная), сталь",Форматная,6х9,70,Пленка,Момент 1,Индустар 23,5308930,"1:4,5",11,,,,,,,
,Rotu,Штатив ,,,Германия,,209,,,,766,,,,Вороненная и хромированная сталь,,,,,,,,,,,,,,,,
Москва 5,"КМЗ, Красногорский завод им. С. А. Зверева",Фотоаппарат,1956,1960,СССР,"Красногорск, МО",210,,,5911264,867,29x55x21,"Однообъективная, вертикальная",С раздвижным мехом,"Алюминий, кожа (искусственная), сталь",Форматная,6х9,65,Пластина,Момент 24С,Индустар 24,132165,"1:3,5","10,5",,,,,,,
,,Штатив ,,,,,211,,,,812,,,,Красное дерево ,,,,,,,,,,,,,,,,
Meoskop,Meopto,Набор стерео изображений,1968,,Чехословакия,,212,,,,,,,,Бумага,,,,,,,,,,,,,,,,
Индустар 37,,Объектив,1960,,СССР,,216,,,,1391,,,,,,,,,,,602865,"1:4,5",30,,,,,,,
Heliar,Voigtländer,Фотоаппарат,,,Германия,Брауншвейг,217,,,,,380х350х120,"Однообъективная, горизонтальная",С раздвижным мехом,Дерево,Форматная,18x24,450,Пластина,,Heliar,104900,"1:4,5",36.0,Фотография начала XX века,,,,,,
Heag II Seria II,Ernemann,Фотоаппарат,1911,,Германия,Дрезден,219,,,,817,150x110x45,"Однообъективная, вертикальная",С раздвижным мехом,"Алюминий, кожа (искусственная), сталь",Форматная,9х12,110,Пластина,,Anastigmat Velar,43381,"1:6,8",13.5,,,,,,,
Kodak Junior II,Kodak,Фотоаппарат,1954,1959,Англия ,Лондон,220,,,,581,150х90х40,"Однообъективная, вертикальная",С раздвижным мехом,"Алюминий, кожа (искусственная), сталь",Форматная,6х9,70,Пленка,Pronto,Anaston Mount 320,,"1:4,5",10.5,,,,,,,
Bergheil,Voigtländer,Фотоаппарат,1915,1930,Германия,Брауншвейг,221,,,,878,125x95x60,"Однообъективная, вертикальная",С раздвижным мехом,"Алюминий, кожа (искусственная), сталь",Форматная,6х9,170,Пластина,Compur,Heliar,638024,"1:3,5","10,5",,,,,,,
FT-2,"КМЗ, Красногорский завод им. С. А. Зверева",Фотоаппарат,1958,1965,СССР,"Красногорск, МО",222,,,,1030,,"Однообъективная, горизонтальная, панорамная",,"Алюминий, сталь",Малоформатная,2.4х11,,Пленка,,Индустар-50,,,5,,,,,,,
Москва 2,"КМЗ, Красногорский завод им. С. А. Зверева",Фотоаппарат,1947,1956,СССР,"Красногорск, МО",223,,,,852,160х90х45,"Однообъективная, вертикальная",С раздвижным мехом,"Алюминий, кожа (искусственная), сталь",Форматная,6х9,70,Пленка,Момент 1,Индустар 23,5506479,"1:4,5",11,,,,,,,
 Bullet №2,Kodak Bullet,Фотоаппарат,1895,1896,США,Ню-Йорк,224,,,,716,145х120х115,"Однообъективная, вертикальная",Бокс камера,"Дерево, кожа",Форматная,6х9,,Пленка,,,,,,,,,,,,
Fordinar,Dr.Aug Nagel,Фотоаппарат,1928,,Германия,,225,,,,645,120x80x40,"Однообъективная, вертикальная",С раздвижным мехом,"Алюминий, кожа (искусственная), сталь",Форматная,6х9,160,Пластина,Ibsor,Lauder Anastigmat ,352864,"1:4,5",10.5,,,,,,,
Смена 8М,"ЛОМО, Ленинградский Оптико-механический завод",Фотоаппарат,1970,1990,СССР,Ленинград,226,,,,382,110х80х60,"Однообъективная, горизонтальная",,"Алюминий, пластик",Малоформатная,"2,4x3,6",,Плёнка типа 135 (35-мм фотоплёнка),,Триплет «Т-43» ,,1:4,16,,,,,,,
"Billy Record 7,7",Agfa Billy,Фотоаппарат,1933,1942,Германия,Мюнхен,227,,,,550,165х88х37,"Однообъективная, вертикальная",С раздвижным мехом,"Алюминий, кожа (искусственная), сталь",Форматная,6х9,65,"Плёнка типа 120 (61,5-мм рольфильм)",Compur,Agfa Anastigmat Jgestar,,,7.7,Реклама на внутренней стороне крышки Isochrom B2  и Superpan B2,,,,,,
Billy II Jgetar,Agfa,Фотоаппарат,1928,1931,Германия,Мюнхен,228,,,,515,160x75x35,"Однообъективная, вертикальная",С раздвижным мехом,"Алюминий, кожа (искусственная), сталь",Форматная,6х9,70,"Плёнка типа 120 (61,5-мм рольфильм)",,Agfa Anastigmat Jgetar,,,8.8,"На лицевой панели оранжевый лейбл Agfa, внутри на крышке наклейка с рекламой пленки Agfa Film.",,,,,,
Киев 4А (модель №1),Арсенал,Фотоаппарат,1958,1974,СССР,Киев,229,,,,700,140х85х70,"Однообъективная, горизонтальная",,"Алюминий, кожа (искусственная), сталь",Малоформатная,"2,4x3,6",,Плёнка типа 135 (35-мм фотоплёнка),,Юпитер 8М,7101733,,9,,,,,,,
Jiffy Six-20,Kodak,Фотоаппарат,1933,1937,США,,230,,,,531,155х80х35,"Однообъективная, горизонтальная",С раздвижным мехом,"Алюминий, кожа (искусственная), сталь",Форматная,6х9,60,Пленка,,Twindar Lens,,,,,,,,,,
Фотокор №2,ГОМЗ,Фотоаппарат,1939,1940,СССР,Ленинград,231,,,,,,"Однообъективная, горизонтальная",С раздвижным мехом,"Алюминий, кожа (искусственная), сталь",Форматная,9х12,,Пластина,ТЕМП,Анастигмат ВООМП,,"1:4,5",13.5,,,,,,,
Москва 5,"КМЗ, Красногорский завод им. С. А. Зверева",Фотоаппарат,1956,1960,СССР,,232,,,5858067,885,160х90х45,"Однообъективная, горизонтальная",С раздвижным мехом,Алюминий,Форматная,6х9,100,Пленка,Момент 24С,Индустар 24,22973,"1:3,5","10,5",,,,,,,
Ernemann Clapp,Ernemann,Фотоаппарат,1922,,Германия,,233,,,,3720,240х170х150,"Однообъективная, горизонтальная",С раздвижным мехом,"Алюминий, дерево, кожа",Форматная,12х18,120,Пленка,,Carl Zeiss Jena № 1 ,14229,"1:4,5",21.0,,,,,,,
Praktiflex,Kamera Werkstätten Guthe & Thorsch,Фотоаппарат,1938,1948,Германия,,234,,,32265,727,150x90x65,"Однообъективная, горизонтальная",Жесткий,"Алюминий, кожа (искусственная), сталь",Малоформатная,"2,4x3,6",,Плёнка типа 135 (35-мм фотоплёнка),,Victar,,"1:2,9",5.0,,,,,,,
Retina II,Kodak,Фотоаппарат,1936,1939,Германия,,235,,,,580,120x80x40,"Однообъективная, горизонтальная",С раздвижным мехом,"Алюминий, кожа (искусственная), сталь",Малоформатная,"2,4x3,6",20,Плёнка типа 135 (35-мм фотоплёнка),Compur-Rapid,Retana-Xenon,1306293,1:2,5.0,,,,,,,
Standard (модель 208),Agfa,Фотоаппарат,1926,1933,Германия,Мюнхен,236,,,,1143,150x100x55,"Однообъективная, горизонтальная",С раздвижным мехом,"Алюминий, кожа (искусственная), сталь",Форматная,9х12,130,Пластина,Everset,Doppel Anastigmat,338980,"1:4,5",13.5,"При раскрытом фотоаппарате отчетливо видна надпись заглавными буквами ""Стандарт"".",,,,,,
Automatic 350,Polaroid,Фотоаппарат,1969,,США,,237,,,BG486643,1157,190x120x65,"Однообъективная, горизонтальная",С раздвижным мехом,"Алюминий, кожа (искусственная), сталь",Форматная,9х12,95,Пластина,,,,,8.8,,,,,,,
Зоркий,"КМЗ, Красногорский завод им. С. А. Зверева",Фотоаппарат,1948,1956,СССР,"Красногорск, МО",238,,,446499,883,150х100х80,"Однообъективная, горизонтальная",,"Алюминий, пластик",Малоформатная,"2,4x3,6",,Плёнка типа 135 (35-мм фотоплёнка),,Индустар 22,7095626,"1:3,5",5,,,,,,,
,Carl Zeiss,Приставка стереоскопическая,,,Германия,,239,,,40395,427,,,,,,,,,,,,,,,,,,,,
Спутник-стерео,ЛОМО-ГОМЗ ,Фотоаппарат,1955,1975,СССР,,240,85000,,,806,140х75х50,Трехобъективный,Стерео зеркальный,Бакелит,Форматная,"6х6,
6х6",,Пленка,,Т-22,96048,"1:4,5","7,5",,,,,,,
Nettar 515,Ziess Ikon,Фотоаппарат,1937,,Германия,Дрезден,241,,,,430,120x8535,"Однообъективная, вертикальная",С раздвижным мехом,"Алюминий, кожа (искусственная), сталь",Форматная,"4,5х6",40,Пленка,KLIO,Nettar-Anastigmat,,"1:4,5","7,5",,,,,,,
Autographic Kodak A116 ,Kodak,Фотоаппарат,1914,1927,США,,242,,,,763,200х90х40,"Однообъективная, вертикальная",С раздвижным мехом,"Алюминий, кожа (искусственная), сталь",Форматная,6х9,80,Пленка,Kodak Ball Bearing Shuttea,Rapid RectilinearBausch,,,,,,,,,,
Weiti,Welta,Фотоаппарат,1929,,Германия,,243,,,2762,624,110x75x35,"Однообъективная, вертикальная",С раздвижным мехом,"Алюминий, кожа (искусственная), сталь",Малоформатная,"2,4x3,6",15,Плёнка типа 135 (35-мм фотоплёнка),Cludor,Trioplan ,1151103,"1:2,9",5,,,,,,,
Спутник-стерео,ЛОМО-ГОМЗ ,Фотоаппарат,1955,1975,СССР,,244,,,,806,150х100х95,Трехобъективный,Стерео зеркальный,Бакелит,Форматная,"6х6,6х6",,Пленка,,Т-22,74110,"1:4,5","7,5",,,,,,,
Москва 5,"КМЗ, Красногорский завод им. С. А. Зверева",Фотоаппарат,1956,1960,СССР,,245,,,5809934,885,160х90х45,"Однообъективная, горизонтальная",С раздвижным мехом,Алюминий,Форматная,6х9,100,Пленка,Момент 24С,Индустар 24,63613,"1:3,5","10,5",,,,,,,
Wirgin Auta,Gebrüder Wirgin,Фотоаппарат,1935,,Германия,,246,,,,621,155x75x35,"Однообъективная, вертикальная",С раздвижным мехом,"Алюминий, кожа (искусственная), сталь",Форматная,6х9,65,"Плёнка типа 120 (61,5-мм рольфильм)",Vario,Anastigmat Gewironar,,"1:6,3",10.5,,,,,,,
Retinetto 147,Kodak,Фотоаппарат,1947,,Германия,,247,,,,390,120x75x35,"Однообъективная, вертикальная",С раздвижным мехом,"Алюминий, кожа (искусственная), сталь",Малоформатная,"2,4x3,6",15,Плёнка типа 135 (35-мм фотоплёнка),,Kodak Anastigmat ,1454598,"1:4,5",5.0,,,,,,,
Zorki 4K,"КМЗ, Красногорский завод им. С. А. Зверева",Фотоаппарат,1956,1973,СССР,"Красногорск, МО",248,,,74719828,883,150х100х80,"Однообъективная, горизонтальная",,"Алюминий, пластик",Малоформатная,"2,4x3,6",,Плёнка типа 135 (35-мм фотоплёнка),,Индустар 50,7469881,"1:3,5",5,,,,,,,
Bessa,Voigtländer,Фотоаппарат,1939,,Германия,Брауншвейг,249,,,,623,160x80x35,"Однообъективная, вертикальная",С раздвижным мехом,"Алюминий, кожа (искусственная), сталь",Форматная,6х9,65,Пленка,Compur,"Anastigmat 
Voigtar",987972,"1:4,5",11,,,,,,,
Москва 2,"КМЗ, Красногорский завод им. С. А. Зверева",Фотоаппарат,1947,1956,СССР,"Красногорск, МО",250,,,,840,160х90х45,"Однообъективная, вертикальная",С раздвижным мехом,"Алюминий, кожа (искусственная), сталь",Форматная,6х9,75,Пленка,Момент -1,Индустар -23,5507125,"1:4,5",11,,,,,,,
Miroflex,Ziess Ikon,Фотоаппарат,1927,1936,Германия,Дрезден,251,,,,2545,190x140x125,Зеркальная клапп камера,С раздвижным мехом,"Алюминий, дерево",Форматная,9х12,60,Пластина,,Carl Zeiss Tessar,739323,"1:3,5","16,5",,,,,,,
Bessa,Voigtländer,Фотоаппарат,1937,,Германия,Брауншвейг,252,,,,611,160x80x35,"Однообъективная, вертикальная",С раздвижным мехом,"Алюминий, кожа (искусственная), сталь",Форматная,6х9,65,Пленка,Compur,"Anastigmat 
Voigtar",987972,"1:4,5",11,,,,,,,
Bessa ,Voigtländer,Фотоаппарат,1931,1949,Германия,Брауншвейг,253,,,459582,520,170x80x40,"Однообъективная, вертикальная",С раздвижным мехом,"Алюминий, кожа (искусственная), сталь",Форматная,6х9,90,"Плёнка типа 120 (61,5-мм рольфильм)",,"Voigtländer
Braunschweig
Viogtar
Anastigmat",-,"1:7,7",-,"На фронтальной части объектива нанесены 3 надписи красным цветом Landschaft, Gruppe, Portreit",,,,,,
Foldex 20,Perken,Фотоаппарат,1950,,США,Чикаго,254,,,,700,155x90x35,"Однообъективная, вертикальная",С раздвижным мехом,"Сталь, искуственная кожа",Форматная,6x9,45,"Плёнка типа 120 (61,5-мм рольфильм)",,Octvar,,,,,,,,,,
Afpi,Emil Wünsche ,Фотоаппарат,1904,1909,Германия,,255,,,,987,155x120x60,"Однообъективная, вертикальная",С раздвижным мехом,"Алюминий, дерево",Форматная,9х12,240,Пластина,Univers,Universal Aplanat,,,8.0,,,,,,,
Trolix  B2,Agfa,Фотоаппарат,1936,1940,Германия,Мюнхен,256,,,,655,120х100х80,"Однообъективная, вертикальная",Бокс камера,Бакелит,Форматная,6х9,,"Плёнка типа 120 (61,5-мм рольфильм)",,,,,,Ручка для переноски выполнена из хромированного металла.,,,,,,
Bob 510/2,Ziess Ikon,Фотоаппарат,1938,,Германия,Дрезден,257,,,,560,165x80x35,"Однообъективная, вертикальная",С раздвижным мехом,"Алюминий, кожа (искусственная), сталь",Форматная,6х9,65,Пленка,Ziess Ikon,Nettar-Anastigmat,,"1:7,7","10,5",,,,,,,
Retina,Kodak,Фотоаппарат,1931,,Германия,,258,,,,445,120x75x35,"Однообъективная, вертикальная",С раздвижным мехом,"Алюминий, кожа (искусственная), сталь",Малоформатная,"2,4x3,6",10,Плёнка типа 135 (35-мм фотоплёнка),Compur,Xenar,681828,"1:3,5",5.0,,,,,,,
Турист,ГОМЗ ,Фотоаппарат,1934,1940,СССР,,259,,,-,543,125х90х55,"Однообъективная, вертикальная",Клапп-камера,Бакелит,Форматная,6х9,95,Пластина,ГОМЗ,Индустар 7,102204,"1:3,5","10,5",,,,,,,
Technika,Linhof ,Фотоаппарат,,,Германия,,260,,,,1299,120x120x70,"Однообъективная, горизонтальная",С раздвижным мехом,"Алюминий, кожа (искусственная), сталь",Форматная,6х9,180,Пластина + плёнка,Compur,"Plasmat Hugo 
Meyer",463529,1:4,12.0,Предназначен для использования со штативом,,,,,,
Приставка для пленки,,,,,,,261,,,,,,,,,,,,,,,,,,,,,,,,
Rapide,Coronet,Фотоаппарат,1948,,Великобритания,,262,,,,469,150x85x35,"Однообъективная, вертикальная",С раздвижным мехом,"Алюминий, кожа (искусственная), сталь",Форматная,6х9,60,"Плёнка типа 120 (61,5-мм рольфильм)",,,,,,Сделан из легких материалов,,,,,,
Kodak Junior 620,Kodak,Фотоаппарат,1933,,Великобритания,,263,,,,525,150х80х35,"Однообъективная, вертикальная",С раздвижным мехом,"Алюминий, кожа (искусственная), сталь",Форматная,6х9,60,Пленка,Kodon №0,Kodak Doyblet,,,,,,,,,,
Ful-Vue ,Ros Ensign,Фотоаппарат,1940,,Великобритания,,264,,,,488,100х100х80,"Однообъективная, вертикальная",Бокс камера,Жесть с покрытием,Форматная,,,"Плёнка типа 120 (61,5-мм рольфильм)",,,,,,,,,,,,
Junior серия 2,Kodak Junior Six-16,Фотоаппарат,1937,1940,,,265,,,,543,150x75x35,"Однообъективная, вертикальная",С раздвижным мехом,"Алюминий, кожа (искусственная), сталь",Форматная,6х9,60,Пленка,Kodon №0,Bimat,,,,,,,,,,
Jiffy Six-16,Kodak,Фотоаппарат,1933,1937,США,,266,,,,799,190x85x45,"Однообъективная, вертикальная",С раздвижным мехом,"Алюминий, кожа (искусственная), сталь",Форматная,6х12,60,Пленка,,Twindar Lens,,,,,,,,,,
Москва 2,"КМЗ, Красногорский завод им. С. А. Зверева",Фотоаппарат,1947,1956,СССР,"Красногорск, МО",267,,,5529316,837,155х90х40,"Однообъективная, вертикальная",С раздвижным мехом,Алюминий,Форматная,6х9,100,Пленка,Момент 1,Индустар 23,5529513,"1:4,5",11,,,,,,,
Карманный М/Ш,,Фонарь,,,СССР,,268,,,,125,,,,Анодированная жесть,,,,,,,,,,,,,,,,
Фотокор ,ГОЗ - Государственный Оптический завод,Фотоаппарат,1928,,СССР,Ленинград,269,,,,1064,155х110х60,"Однообъективная, вертикальная",С раздвижным мехом,"Алюминий, кожа (искусственная), сталь",Форматная,9х12,120,Пластина,Compur,Анастигмат ВООМП,20539,"1:4,5","13,5","в витрине под этим номером фотоаппарат, перенумеровать описать сфоткать витрина 8",,,,,,
Super Ikonta 532/16,Ziess Ikon,Фотоаппарат,1937,1956,Германия,Дрезден,270,,,24923,900,150x95x40,"Однообъективная, вертикальная",С раздвижным мехом,"Алюминий, кожа (искусственная), сталь",Форматная,6х6,40,Пленка,Compur Rapid,Tessar,"12474
1612474","1:3,5",8,,,,,,,
"Premo №1
",Kodak PREMO,Фотоаппарат,1906,1910,США,,271,,,6811,777,170x115x55,"Однообъективная, вертикальная",С раздвижным мехом,"Красное дерево, кожа, сталь, бронза",Форматная,9х12,200,Пластина,"EKC
 Ball Shutter",Planatograph,,,8.0,,,,,,,
Clarovid II,G.Rodenstock,Фотоаппарат,1935,,Германия,,272,,,,818,160x120x55,"Однообъективная, вертикальная",С раздвижным мехом,"Дерево, сталь",Форматная,9х12,240,Пластина,Ibsor,Anastigmat Eurynar,260014,"1:6,5",13.5,,,,,,,
Folding Pocket №3A,Kodak,Фотоаппарат,1914,1934,США,,273,,,12947А,1066,240x120x50,"Однообъективная, вертикальная",С раздвижным мехом,"Красное дерево, кожа, сталь, бронза",Форматная,9х12,130,Пленка,TBI,"Bausch and Lomo 
Optikal ",,,,,,,,,,
Thowe,Thowe Kamera Werk A:G Freital-Desden,Фотоаппарат,,,Германия,,274,,,,774,160x120x55,"Однообъективная, вертикальная",С раздвижным мехом,"Алюминий, кожа (искусственная), сталь",Форматная,9х12,130,Пластина,GET,Thowe Kamera Werk A:G Freital-Desden Anastigmat,52438,"1:4,5","13,5",,,,,,,
Duplex (Vertical format) ,Ihagee ,Фотоаппарат,1920,,Германия,Дрезден,275,,,,1175,150х110х50,"Однообъективная, вертикальная",С раздвижным мехом,"Алюминий, кожа (искусственная), сталь",Форматная,9х12,240,Пластина,Compur,Jhagee Doppel Anastigmat,1086,"1:4,5",13.5,,,,,,,
Maximar 207 ,Ica,Фотоаппарат,1927,1929,Германия,,276,,,,716,160x120x45,"Однообъективная, вертикальная",С раздвижным мехом,"Алюминий, кожа (искусственная), сталь",Форматная,9х12,120,Пластина,Vario,Helies,283507,1:8,13.0,,,,,,,
Movex 8,Agfa,Кинокамера,1937,,Германия,Мюнхен,277,,,,1059,120x100x50,"Однообъективная, вертикальная",,,,8 mm,,Кинопленка Agfa Movex ,,Kine-Anastigmat,817891,"1:2,8",1.2,Agfa Movex 8 появилась на рынке в 1937 и стоила 145 RM.,,,,,,
"Premo
",Kodak,Фотоаппарат,1904,1914,США,,278,,,,568,150x115x55,"Однообъективная, вертикальная",С раздвижным мехом,"Красное дерево ,кожа, сталь, бронза, алюминий",Форматная,9х12,120,Пластина,TB,,,,,,,,,,,
Bessa,Voigtländer,Фотоаппарат,1930,,Германия,Брауншвейг,279,,,,443,150x73x35,"Однообъективная, вертикальная",С раздвижным мехом,"Алюминий, кожа (искусственная), сталь",Форматная,6х9,60,Пленка,Gitzo,Topaz,,"1:6,3",10,,,,,,,
Silar,Perka Präzisions-Camerawerk ,Фотоаппарат,1930,,Германия,,280,,,,2076,180x180x75,"Однообъективная, вертикальная",С раздвижным мехом,"Алюминий, кожа (искусственная), сталь",Форматная,9х12,300,Пластина,Compur,,,,,,,,,,,
Trinar,Rodenstock,Фотоаппарат,1927,1938.,Германия,,281,,,,664,160x85x35,"Однообъективная, вертикальная",С раздвижным мехом,"Алюминий, кожа (искусственная), сталь",Форматная,6х9,70,Пленка,Compur,Trinar Anastigmat,"938113
186121","1:4,5","10,5","в витрине под этим номером карандашная точилка, перенумеровать описать витрина 7",,,,,,
Close Up 636,Polaroid,Фотоаппарат,1990,,Великобритания,,282,,,,597,150x125x95,"Однообъективная, вертикальная",,Пластик,Форматная,6х9,,,,,,,,"Для моментальных фотографий, сделать новое описание, описание не соответствует экспонату",,,,,,
One-step close-up,Polaroid ,Фотоаппарат,1989,1990,СССР ,Москва,283,,,,644,120×95×145,"Однообъективный, горизонтальный",Жесткий,Пластмасса,Форматная,8x8,,фотоматериал «Polaroid 600 film»,,,,1:4,10.0,,,,,,,
Billy Comport,Agfa,Фотоаппарат,1934,1942,Германия,Мюнхен,284,,,,660,150x75x30,"Однообъективная, вертикальная",С раздвижным мехом,"Алюминий, кожа (искусственная), сталь",Форматная,6х9,70,"Плёнка типа 120 (61,5-мм роль фильм)",Comport,Agfa Anastigmatic Apo tar,508865,"1:4,5",10.5,"Существовали две версии Billy Comport. Первая выпускалась с 1934 по 1942 год с объективом Apo tar, вторая с объективом Solana с 1948 по 1949 год.",,,,,,
Star Auto Focus,Kodak,Фотоаппарат,,,China,,285,,,x056,252,130x75x45,"Однообъективная, вертикальная",Жесткий,Пластик,Малоформатная,"2,4x3,6",,Плёнка типа 135 (35-мм фотоплёнка),,,,,,,,,,,,
Kinta 521/16,Zeiss Icon,Фотоаппарат,1948,1953,Германия,Дрезден,286,,,E 90906,567,135x90x30,"Однообъективная, горизонтальная",С раздвижным мехом,Алюминий,Форматная,6х9,40,Пленка ,Kilo,"
Novar Anastigmatic",,"1:4,5","7,5","На крышке изнутри выбито название рекомендуемой пленки  Zeiss Icon Film B2 6x9 2,25x3,25 in",,,,,,
A45,Max Dutschke ,Механическое реле времени,1930,1945,Германия,,287,,,,1976,200x190x140,,,"Дерево, сталь",,,,,,,,,,,,,,,,
Стерео для КИЕВ,Арсенал,Стереонасадка ,1956,,СССР,Киев,288,,,,222,105х67х55,,"Пластмасса, алюминий",,,,,,,,,,,,,,,,,
Стерео для Зоркий,"КМЗ, Красногорский завод им. С. А. Зверева",Стереонасадка ,1956,,СССР ,"Красногорск, МО",289,,,564992,253,135х110х60,,,"Алюминий с покрытием, стекло",,,,,,,,,,,,,,,,
Le Glyphoscope 2,Jules Richard,Фотоаппарат,1905,,Париж,,290,,,57088,400,135х75х60,"Двухобъективная, горизонтальная, стерео",Жесткий,Бакелит,Форматная,4х4,,Пластина,,,,,,,,,,,,
Ленинград 7,Завод Вибратор,Экспонометр,1983,,СССР,,291,,,24204,145,"80х55х2,6",,,Пластик,,,,,,,,,,,,,,,,
Стерео для Зоркий,Красногорский завод им. С. А. Зверева,Стереоскоп,1956,,,"Красногорск, МО",292,,,570011,517,125105х25,,Алюминий с покрытием,"Пластик, прозрачный пластик",,,,,,, ,,,,,,,,,
Стерео для Зоркий,Красногорский завод им. С. А. Зверева,"Приставка стереоскопическая, печатная рамка",1956,,СССР,"Красногорск, МО",293,,,5604915,516,,,,,,,,,,,,,,Приставка стереоскопическая,,,,,,
,Пылезащитные,Очки,,,,,294,,,,43,,,,,,,,,,,,,,,,,,,,
,Защитные,Очки,,,,,295,,,,61,,,,"Кожзаменитель, стекло, жесть",,,,,,,,,,,,,,,,
,Очки летчика,Очки,,,,,296,,,980261,99,,,,"Прорезиненная ткань, алюминий, стекло",,,,,,,,,,,,,,,,
,Очки летчика,Очки,,,,,297,,,,52,,,,"Кожзаменитель, ткань, стекло",,,,,,,,,,,,,,,,
,Откидывающиеся,Очки,,,,,298,,,12.4.013-75,35,,,,Пластик,,,,,,,,,,,,,,,,
,Очки летчика,Очки,,,,,299,,,,52,,,,"Кожзаменитель, ткань, стекло",,,,,,,,,,,,,,,,
Magicflash 110,ITT ,Фотоаппарат,1970,,США,,300,,,,188,165х60х30,"Телефото камера, горизонтальная",Жесткий,Пластик,Малоформатная,"2,4x3,6",,Плёнка типа 135 (35-мм фотоплёнка),,,,,,,,,,,,
Billy,Agfa,Фотоаппарат,1928,1930,Германия,Мюнхен,301,,,4S1321,515,160х75х35,"Однообъективная, вертикальная",С раздвижным мехом,"Алюминий, кожа (искусственная), сталь",Форматная,6х9,70,Пленка ,,Agfa Anastigmat Jgetar,,,8.8,"На лицевой панели оранжевый лейбл Agfa, внутри на крышке наклейка с рекламой пленки Agfa Film.",,,,,,
Maximar 207/7,Zeiss Ikon,Фотоаппарат,1927,1939,Германия,,302,,,,1063,155x110x50,"Однообъективная, вертикальная",С раздвижным мехом,"Алюминий, кожа (искусственная), сталь",Форматная,9х12,210,Пластина,Compur,Carl Zeiss Jena Tessar,23250,"1:4,5","13,5",,,,,,,
Ikonta 520,Zeiss Ikon,Фотоаппарат,1936,,Германия,,303,,,,468,120х80х40,"Однообъективная, вертикальная",С раздвижным мехом,"Алюминий, кожа (искусственная), сталь",Форматная,"4,5х6",40,Пленка,Compur-Rapid,Novar-Anastigmat,1320001,"1:3,5",7,,,,,,,
Billy Clack 51,Agfa,Фотоаппарат,1934,1940,Германия,Мюнхен,304,,,,475,135x75x30,"Однообъективная, вертикальная",С раздвижным мехом на двух стойках,"Алюминий, кожа (искусственная), сталь",Форматная,"4,5x6",45,"Плёнка типа 120 (61,5-мм рольфильм)",,Agfa Ugenar,,,8.0,Передняя панель украшена глянцевой черной эмалью с полосками хрома.,,,,,,
,Nagel Vollenda,Фотоаппарат,1931,,,,305,,,119241,296,115x75x35,"Однообъективная, горизонтальная",С раздвижным мехом,"Алюминий, кожа (искусственная), сталь",Малоформатная,3х4,20,Пленка,Original Gauthier,Schnelder-Kreuznach,439451,"1:4,5",5.0,,,,,,,
Чайка (электро-механическая),Шпионская камера,Фотоаппарат ,,,СССР,,306,,,,850,130х110х80,"Однообъективная, горизонтальная",Жесткий,Сталь,Малоформатная,"1,8х2,4",,Пленка,,Индустар-50-2,87029967,"1:3,5",5.0,Снабжен электро мотором ЭДН-145Р для дистанционной перемотки пленки,,,,,,
ФЭД,"з-д ФЭД, им. Фэликса Эдмундовича Дзержинского",Фотоаппарат,1934,1955,СССР,Харьков,307,,,542452,754,130х70х45,"Однообъективная, горизонтальная",Жесткий,Сталь,Малоформатный,"2,4х3,6",,,,Индустар-10,,"1:3,5",5.0,,,,,,,
С-112,БЕЛОМО,Устройство репродукционное малогабаритное,1970,1990,СССР,Минск,308,,,40170,543,160х80х35,,Жесткий,Сталь с покрытием,Малоформатный,"1,8х2,4",,Пленка,,,,,,"Шпионское устройство репродукционное малогабаритное, предназначено для репродуцирования фотографий, подписей, текстов и других плоских объектов.",,,,,,
Модель с двумя увеличительными линзами,,Стереоскоп,1837,,,,309,,,,218,310х140х75,,,"Алюминий, дерево",,,,,,,,,,На козырьке изображение с орлом,,,,,,
Модель с двумя увеличительными линзами,,Стереоскоп,1837,,,,310,,,,181,310х140х75,,,Дерево,,,,,,,,,,,,,,,,
ФЭД 3,"з-д ФЭД, им. Фэликса Эдмундовича Дзержинского",Фотоаппарат,1961,1979,СССР,Харьков,311,,,2094322,729,140х95х70,"Однообъективная, горизонтальная",Жесткий,"Алюминий, пластик",Малоформатная,"2,4х3,6",,,,Индустар 26 М,1556522,"1:2,8",5.2,,,,,,,
,Полевой,Бинокль,,,,,312,,,,496,110х90х50,,,Латунь,,,,,,,,,,На крышке футляра расположен компас,,,,,,
Super-Ikonta 531/2 ,Zeiss Ikon,Фотоаппарат,1950,1955,Германия,,313,,,M53810,895,160х90х40,"Однообъективная, вертикальная",С раздвижным мехом,"Алюминий, кожа (искусственная), сталь",Форматная,6х9,65,Пленка,Compur,И-24,156985,"1:3,5","10,5",,,,,,,
PERESCOP,Panian schlenkrich,Фотоаппарат,,,,,314,,,,552,150х110х25,"Однообъективная, вертикальная",С раздвижным мехом,"Красное дерево, алюминий, кожа",Форматная,9х12,120,Пластина,,PERESCOP,,,,,,,,,,
,Welta,Фотоаппарат,,,,,315,,,,941,160x115x55,"Однообъективная, вертикальная",С раздвижным мехом,"Красное дерево, алюминий, кожа",Форматная,9х12,100,Пластина,Vario,Doppel Anastigmat,,"1:6,8","13,5",,,,,,,
Bob 510,Zeiss Ikon,Фотоаппарат,1934,1941,Германия,,316,,,C49545,408,115x85x40,"Однообъективная, вертикальная",,"Алюминий, кожа (искусственная), сталь",Малоформатная,4x6,40,Пленка,Zeiss Ikon,Nettar-Anastigmat,,"1:6,3","7,5",,,,,,,
Avus,Voigtländer,Фотоаппарат,1919,1934,Германия,,317,,,,995,150х115х50,"Однообъективная, вертикальная",С раздвижным мехом,"Алюминий, кожа (искусственная), сталь",Форматная,9х12,140,Пластина,Compur,Doppel Anastigmat,"218857
258646","1:4,5","13,5",,,,,,,
Folding Autographic Brownie №2 ,Kodak,Фотоаппарат,1915,1926,США,,318,,,,707,200x90x40,"Однообъективная, вертикальная",С раздвижным мехом,"Алюминий, кожа (искусственная), сталь",Форматная,9х12,80,Пленка,Kodak Ball Berning Shutter,,,,,,,,,,,
Folding Autographic Brownie №3 ,Kodak,Фотоаппарат,1916,1926,США,,319,,,,805,240x110x45,"Однообъективная, вертикальная",С раздвижным мехом,"Алюминий, кожа (искусственная), сталь",Форматная,9х12,100,Пленка,Eastman Kodak,,21826,,,,,,,,,
Горизонт,Красногорский механический завод,Фотоаппарат,1967,1973,СССР,Красногорск,320,,,7002312,934,140х100х65,"Однообъективная, горизонтальная, панорамная",Жесткий,"Алюминий, пластик",Малоформатная,"2,4х5,8",,Пленка,,MC ОФ-28П,1427,"1:2,8","2,8",,,,,,,
Lubitel 166B,ЛОМО ,Фотоаппарат,1976,1981,СССР,Ленинград,321,,,,590,12075x100,"Двухобъективная, вертикальная",Бокс камера,,Форматная,6х6,,Пленка,,Т-22,,"1:4,5","7,5",,,,,,,
A120 Film,Kodak,Фотоаппарат,,,США,,322,,,,626,170х80х45,"Однообъективная, вертикальная",С раздвижным мехом,"Алюминий, кожа (искусственная), сталь",Форматная,6х9,60,"Плёнка типа 120 (61,5-мм рольфильм)",Eastman Kodak,,29060,,,,,,,,,
Plattenkamera,Certo,Фотоаппарат,1930,,Германия,,323,,,,648,150x115x50,"Однообъективная, вертикальная",С раздвижным мехом,"Дерево, кожа, сталь",Форматная,9х12,100,Пластина ,Vario,Certo-Anastigmat Certar,,"1:6,3",10.5,,,,,,,
Box-Tengor 56/2,Zeiss Ikon,Фотоаппарат,1948,1956,Германия,,324,,,,604,100х70х110,"Однообъективная, вертикальная",Бокс камера,"Алюминий, кожа",Форматная,6х9,,Пленка,,Goerz Frontar-Achromat,,1:9,,,,,,,,
Heag VII ,ERNEMAN,Фотоаппарат,1924,1926,Германия,,325,,,,1108,155х120х75,"Однообъективная, вертикальная",С раздвижным мехом,"Дерево, сталь, кожа",Форматная,9х12,120,Пластина + пленка,"Cronos ""B""",Anastigmat Sytar,,"1:4,5",13.5,,,,,,,
Фэд Стерео,"з-д ФЭД, им. Фэликса Эдмундовича Дзержинского",Фотоаппарат,1988,1996,СССР,,326,,,934528,693,175х75х55,"Двухобъективная, горизонтальная",Жесткий,Пластмасса сталь,Форматная,,,Пленка,,Индустар 81,,"1:2,8",3.8,,,,,,,
Brownie Pliant Six-20 ,Kodak,Фотоаппарат,1939,,США,,327,,,,437,160х80х35,"Однообъективная, вертикальная",С раздвижным мехом,"Алюминий, кожа",Форматная,6х9,75,Пленка,KODEX №,Kodar,,"1:7,9",11.0,,,,,,,
Gabri,I.C.A.F.,Фотоаппарат,1938,,Италия,Милан,328,,,,244,80х80х65,"Однообъективная, вертикальная",Бокс камера,"Сталь, кожа",Форматная,4х6,,Пленка,,,,1:11,7.5,,,,,,,
Vollenda 68,Nagel Vollenda,Фотоаппарат,,,,,329,,,129893,482,145х85х35,"Однообъективная, вертикальная",С раздвижным мехом,"Алюминий, кожа",Форматная,6х9,70,Пленка,Original Gauthier,Radionar,,"1:6,3",10.5,,,,,,,
Смена 8М,ЛОМО,Фотоаппарат,1970,1995,СССР,Ленинград,330,,,90578404,382,110х80х60,"Однообъективная, горизонтальная",Жесткий,"Алюминий, пластик",Малоформатная,"2,4x3,6",,Плёнка типа 135 (35-мм фотоплёнка),,Триплет «Т-43» ,,1:4,16,,,,,,,
SK-666,Skina,Фотоаппарат,,,,,331,,,,210,125х75х45,"Однообъективная, горизонтальная",Жесткий,Пластик,Малоформатная,"2,4x3,6",,Пленка,,Триплет «Т-43» ,,1:5,16.0,,,,,,,
Смена Символ,ЛОМО,Фотоаппарат,1971,1991,СССР,Ленинград,332,,,85378095,496,120х80х60,"Однообъективная, горизонтальная",Жесткий,Пластик,Малоформатная,"2,4x3,6",,Пленка,,,,,,,,,,,,
,,Светильник,,,,,333,,,,429,190х75х80,,,"Сталь, стекло, дерево",,,,,,,,,,,,,,,,
,,Стереоскоп,1900,,США,,334,,,,312,315х130х80,,,"Жесть, дерево",,,,,,,,,,,,,,,,
Ленинград,,Стереоскоп,1964,,СССР,,335,,,,149,110х85х75,,,Пластмасса,,,,,,,,,,,,,,,,
,Защитные ,Очки,,,СССР,,336,,,,51,,,,"Пластмасса, кожа, ткани",,,,,,,,,,,,,,,,
Фотоснайпер 12,"КМЗ, Красногорский завод им. С. А. Зверева",Фотоаппарат,,,СССР,,337,,,83093774,3165,570х230х135,"Однообъективная, горизонтальная",Жесткий,"Алюминий, пластик, сталь",Малоформатная,"2,4x3,6",,Плёнка типа 135 (35-мм фотоплёнка),,Таир - 3С,838186,"1:4,5",30,,,,,,,
Смена 8М,ЛОМО,Фотоаппарат,1970,1995,СССР,Ленинград,338,,,91525334,382,110х80х60,"Однообъективная, горизонтальная",,"Алюминий, пластик",Малоформатная,"2,4x3,6",,Плёнка типа 135 (35-мм фотоплёнка),,Триплет «Т-43» ,,1:4,16,,,,,,,
Ideal 250/7,Zeiss Ikon ,Фотоаппарат,1927,1938,,,339,,,,1109,160х120х55,"Однообъективная, вертикальная",С раздвижным мехом,"Алюминий, кожа, сталь",Форматная,9x12,120,Пластина,Compur,Carl Zeiss Jena Tessar,1008415,"1:4,5",13.5,,,,,,,
,Откидывающиеся,Очки,,,,,340,,,12.4.013-75,63,,,,"Пластмасса, ткань",,,,,,,,,,,,,,,,
,Защитные,Очки,,,,,341,,,,60,,,,"Сталь, стекло, ткань",,,,,,,,,,,,,,,,
Киев 303,Арсенал,Фотоаппарат,1990,,СССР,Киев,391,,,9160970,150,28×46×86,"Однообъективная, горизонтальная",Жесткий,"Алюминий, пластик",Микроформатная,"1,3х1,7",,Плёнка типа 110 (16-мм фотоплёнка),,Индустар М,,,"2,3",,,,,,,
Киев 30М,Арсенал,Фотоаппарат,1975,1987,СССР,Киев,392,,,8930555,180,28×46×87,"Однообъективная, горизонтальная",Жесткий,"Алюминий, пластик",Микроформатная,"1,3х1,7",,Плёнка типа 110 (16-мм фотоплёнка),,Индустар М,,,"2,3",,,,,,,
Индустар - 51,,Футляр для объектива,,,,,393,,,,,,,,,,,,,,,,,,,,,,,,
"Шпионский ""Сигареты праздничные""",Арсенал,Фотоаппарат,,,СССР,Киев,394,,,,209,85х55х25,"Однообъективная, горизонтальная",Жесткий,"Алюминий, пластик",Микроформатная,"1,3х1,7",,Плёнка типа 110 (16-мм фотоплёнка),,Индустар М,,,"2,3",залить на сайт,,,,,,
ФКП,,Фотоаппарат,,,СССР,,395,,,,,390х360х185,"Однообъективная, вертикальная",С раздвижным мехом,Дерево,Форматная,24х24,,Пластина,,Индустар 37,,,,,,,,,,
Фонограф,,,,,,,396,,,,,,,,,,,,,,,,,,,,,,,,
Фонограф труба,,,,,,,397,,,,,,,,,,,,,,,,,,,,,,,,
Киев 303,Арсенал,Фотоаппарат,1990,,СССР,Киев,401,,,90701118,150,28×46×86,"Однообъективная, горизонтальная",Жесткий,"Алюминий, пластик",Микроформатная,"1,3х1,7",,Плёнка типа 110 (16-мм фотоплёнка),,Индустар М,,,"2,3",,,,,,,
Synchro Box 600,Agfa,Фотоаппарат,1951,1957,Германия,Мюнхен,402,,,,420,115x70x100,"Однообъективная, вертикальная",Бокс камера,"Алюминий, жесть",Форматная,6х9,,"Плёнка типа 120 (61,5-мм рольфильм)","Простой, типа ""Поворотный затвор""","Простой, типа ""Мениск""",,,,"Рекомендуемые фотоматериалы Agfa Film B2, название ""Синхро"" соответствует механизму синхронизации затвора и вспышки.",,,,,,
,ЗИМ Завод ИМ Масленикова,Автоспуск,,,СССР,,403,,,,42,"5х2,5х1",,,"Аллюминий, сталь",,,,,,,,,,,,,,,,
Haka Autoknips II,Klapprott@Lampe,Автоспуск,,,Германия,Гамбург,404,,,,42,"5х2,5х1",,,"Алюминий, сталь",,,,,,,,,,Автоспуск находится в заводском металлическом футляре.,,,,,,
Haka Autoknips I,Klapprott@Lampe,Автоспуск,,,Германия,Гамбург,405,,,,39,"3,8х2х1",,,"Алюминий, сталь",,,,,,,,,,Автоспуск находится в заводском металлическом футляре.,,,,,,
Korelle 6x9,Korelle Werk,Фотоаппарат,1935,,,,406,,,,,150х80х30,"Однообъективная, вертикальная",С раздвижным мехом,"Алюминий, кожа (искусственная), сталь",Форматная,6х9,65,Пластина,Decker,Radionar,2996606,"1:4,5",10.5,,,,,,,
,Полевой,Бинокль,,,,,407,,,,401,115х80х50,,,"Латунь, кожа",,,,,,,,,,,,,,,,
,Солнцезащитные,Очки,,,,,408,,,,,,,,"Пластик, ткань",,,,,,,,,,,,,,,,
ЗП 1 - 80,Мотоциклетные,Очки ,,,,,409,,,124013-85,,,,,,,,,,,,,,,,,,,,,
Защитные ОЗЗ 4,Суксунский оптикомеханический завод,Очки,,,СССР,Суксун,410,,,6516-53,,,,,"Кожзаменитель, стекло, жесть",,,,,,,,,,,,,,,,
Модель с двумя увеличительными линзами,,Стереоскоп,1837,,,,411,,,,218,310х140х75,,,"Алюминий, дерево",,,,,,,,,,На козырьке изображение с орлом,,,,,,
Эрмитаж,Электронмаш,Диапозитив стерео,,,СССР,Ленинград,412,,,,,,,,,,,,,,,,,,,,,,,,
Петродворец,Электронмаш,Диапозитив стерео,,,СССР,Ленинград,413,,,,,,,,,,,,,,,,,,,,,,,,
СКФ - 1,Фотоприбор,Стереокомплект фотографический,1992,,СССР,Черкассы,418,,,,625,,,,"Алюминий, пластик, сталь",,,,,,,,,,,,,,,,
,Zeiss Ikon,Муляж фотоаппарата,,,Германия,,419,,,,,265х220х150,"Однообъективная, вертикальная",С раздвижным мехом,"Дерево, латунь",Форматный,12х18,300,Пластина,,,,,,Муляж фотоаппарата на деревянном штативе служил для украшения интерьера,,,,,,
ФЭД 3,"з-д ФЭД, им. Фэликса Эдмундовича Дзержинского",Фотоаппарат,1961,1979,СССР,Харьков,420,,,240026,729,140х95х70,"Однообъективная, горизонтальная",Жесткий,"Алюминий, пластик",Форматная,,,Фотокиноплёнка ,,Индустар 61 л/д,8970215,"1:2,8",5.3,,,,,,,
Киев Вега,Арсенал,Фотоаппарат,1960,1962,СССР,Киев,421,,,,159,83×43×24,"Однообъективная, горизонтальная",Жесткий,Алюминий,Микроформатная,"1х1,4",,Фотокиноплёнка 16-мм,,Индустар М,,"1:3,5","2,3","Фотоаппарат комплектовался мягким чехлом, красным и жёлтым светофильтрами в специальных рамках.",,,,,,
Киев Вега ,Арсенал,Фотоаппарат,1963,1962,СССР,Киев,422,,,125798,159,83×43×24,"Однообъективная, горизонтальная",Жесткий,Алюминий,Микроформатная,"1х1,4",,Фотокиноплёнка 16-мм,,Индустар М,,"1:3,5","2,3","Фотоаппарат комплектовался мягким чехлом, красным и жёлтым светофильтрами в специальных рамках.",,,,,,
Киев 303,Арсенал,Фотоаппарат,1990,,СССР,Киев,423,,,9160970,150,28×46×86,"Однообъективная, горизонтальная",Жесткий,"Алюминий, пластик",Микроформатная,"1,3х1,7",,Плёнка типа 110 (16-мм фотоплёнка),,Индустар М,,"1:3,5","2,3",,,,,,,
Киев Вега 2,Арсенал,Фотоаппарат,1961,1964,СССР,Киев,424,,,125798,159,83×43×24,"Однообъективная, горизонтальная",Жесткий,Алюминий,Микроформатная,"1х1,4",,Фотокиноплёнка 16-мм,,Индустар М,,"1:3,5","2,3",На внешнем кожухе находится калькулятор - табличный экспонометр для приблизительного определения выдержки и диафрагмы по погодным условиям,,,,,,
Киев 30,Арсенал,Фотоаппарат,1975,1987,СССР,Киев,425,,,7677751,180,28×46×87,"Однообъективная, горизонтальная",Жесткий,"Алюминий, пластик",Микроформатная,"1,3х1,7",,Плёнка типа 110 (16-мм фотоплёнка),,Индустар М,,"1:3,5","2,3",,,,,,,
Киев Вега,Арсенал,Фотоаппарат,1961,1962,СССР,Киев,426,,,39518,159,83×43×24,"Однообъективная, горизонтальная",Жесткий,Алюминий,Микроформатная,"1х1,4",,Фотокиноплёнка 16-мм,,Индустар М,,"1:3,5","2,3","Фотоаппарат комплектовался мягким чехлом, красным и жёлтым светофильтрами в специальных рамках.",,,,,,
,,Подзорная труба,,,,,427,,,,286,510х35х20,,,Медь,,,,,,,,,,,,,,,,
,,Подзорная труба,,,,,428,,,,333,480х40х20,,,Медь,,,,,,,,,,,,,,,,
Киев Вега,Арсенал,Фотоаппарат,1960,1962,СССР,Киев,429,,,,159,83×43×24,"Однообъективная, горизонтальная",Жесткий,Алюминий,Микроформатная,"1х1,4",,Фотокиноплёнка 16-мм,,Индустар М,,"1:3,5","2,3","Фотоаппарат комплектовался мягким чехлом, красным и жёлтым светофильтрами в специальных рамках.",,,,,,
Киев 30,Арсенал,Фотоаппарат,1975,1987,СССР,Киев,430,,,7407129,180,28×46×87,"Однообъективная, горизонтальная",Жесткий,"Алюминий, пластик",Микроформатная,"1,3х1,7",,Плёнка типа 110 (16-мм фотоплёнка),,Индустар М,,"1:3,5","2,3",,,,,,,
Киев Вега,Арсенал,Фотоаппарат,1960,1962,СССР,Киев,431,,,,159,83×43×24,"Однообъективная, горизонтальная",Жесткий,Алюминий,Микроформатная,"1х1,4",,Фотокиноплёнка 16-мм,,Индустар М,,"1:3,5","2,3","Фотоаппарат комплектовался мягким чехлом, красным и жёлтым светофильтрами в специальных рамках.",,,,,,
Киев 30,Арсенал,Фотоаппарат,1975,1987,СССР,Киев,432,,,7677751,180,28×46×87,"Однообъективная, горизонтальная",Жесткий,"Алюминий, пластик",Микроформатная,"1,3х1,7",,Плёнка типа 110 (16-мм фотоплёнка),,Индустар М,,"1:3,5","2,3",,,,,,,
Киев 303,Арсенал,Фотоаппарат,1990,,СССР,Киев,433,,,9160970,150,28×46×86,"Однообъективная, горизонтальная",Жесткий,"Алюминий, пластик",Микроформатная,"1,3х1,7",,Плёнка типа 110 (16-мм фотоплёнка),,Индустар М,,"1:3,5","2,3",,,,,,,
,ЛОМО,Нож для кинопленки,,,СССР,,434,,,,50,2х8 ,,,Пластик,,,,,,,,,,,,,,,,
Киев Вега,Арсенал,Фотоаппарат,1960,1962,СССР,Киев,435,,,,159,83×43×24,"Однообъективная, горизонтальная",Жесткий,Алюминий,Микроформатная,"1х1,4",,Фотокиноплёнка 16-мм,,Индустар М,,"1:3,5","2,3","Фотоаппарат комплектовался мягким чехлом, красным и жёлтым светофильтрами в специальных рамках.",,,,,,
Киев Вега 2,Арсенал,Фотоаппарат,1961,1964,СССР,Киев,436,,,125798,159,83×43×24,"Однообъективная, горизонтальная",Жесткий,Алюминий,Микроформатная,"1х1,4",,Фотокиноплёнка 16-мм,,Индустар М,,"1:3,5","2,3",На внешнем кожухе находится калькулятор - табличный экспонометр для приблизительного определения выдержки и диафрагмы по погодным условиям,,,,,,
Киев 30,Арсенал,Фотоаппарат,1975,1987,СССР,Киев,437,,,7677751,180,28×46×87,"Однообъективная, горизонтальная",Жесткий,"Алюминий, пластик",Микроформатная,"1,3х1,7",,Плёнка типа 110 (16-мм фотоплёнка),,Индустар М,,"1:3,5","2,3",,,,,,,
Stereo Realist,David White,Фотоаппарат,1947,1971,США,,438,,,,984,170х75х50,"Трехобъективный, горизонтальный",Жесткий,"Алюминий, сталь, кожа",Малоформатный,"2,2х2,5",,Пленка,,David White Anastigmat,,"1:3,5",3.5,,,,,,,
Vigilant Six16,Kodak,Фотоаппарат,1939,1948,Германия,,439,,,6632X,659,160x90x40,"Однообъективный, вертикальный",С раздвижным мехом,"Алюминий, сталь, кожа",Среднеформатный,6х9,70,Пленка,,Anastigmat,,"1:6,3",10.5,,,,,,,
Super Dllina I,Cetro,Фотоаппарат,1951,,Германия,,440,,,,480,120х80х30,"Однообъективный, горизонтальный",С раздвижным мехом,"Алюминий, сталь, кожа",Малоформатный,"2,5x3",20,Пленка,Compur-Rapid,Trioplan,1079632,"1:2,9",5.0,,,,,,,
Taxo 122/3,Super Nettel,Фотоаппарат,1927,1931,Германия,,441,,,,492,120x80x40,"Однообъективный, вертикальный",С раздвижным мехом,"Алюминий, сталь, кожа",Форматная,6x9,100,Пластина,DERVAL,Novar Anastigmat,832850,"1:6,3",10.5,"в витрине под этим номером фотоаппарат зеис икон , перенумеровать описать сфоткать витрина 6",,,,,,
Школьник,Минский механический з-д им. С.И.Вавилова,Фотоаппарат,1962,1969,СССР,Минск,442,,,,242,125х95х80,"Однообъективный, горизонтальный",Жесткий,Пластик,Форматная,6х6,,Пленка,,Триплет,,1:8,7.5,,,,,,,
Clack,Agfa,Фотоаппарат,1954,1965,Германия,,443,,,,466,110x95x90,"Однообъективный, горизонтальный",Жесткий,Алюминий с покрытием,Форматная,6х9,,Пленка,,,,,,,,,,,,
Brownie Flash II,Kodak,Фотоаппарат,1658,1960,Великобритания,Лондон,444,,,,502,115x100x75,"Однообъективный, вертикальный",Бокс камера,"Алюминий, жесть",Форматная,6х9,,Пленка,,,,,,,,,,,,
Beier Beirax,Kamera-fabrik Woldemar Beier Freital,Фотоаппарат,1934,,Германия,,445,,,,535,150х70х35,"Однообъективный, вертикальный",С раздвижным мехом,"Алюминий, сталь, кожа",Форматная,6х9,65,Пленка,,Victar,480527,"1:6,3",10.5,,,,,,,
Miroflex,Ziess Ikon,Фотоаппарат,1926,,Германия,,446,,,P 97645,2106,165x125x165,"Однообъективный, горизонтальный",С раздвижным мехом,"Алюминий, сталь, кожа",Форматная,6х9,40,Пластина,,Tessar,1036274,"1:3,5",13.5,,,,,,,
Perfekta,Welta,Фотоаппарат,1934,,Германия,,447,,,,976,160x65x55x75,"Двухобъективный, вертикальный",С раздвижным мехом,"Алюминий, сталь, кожа",Форматная,НЕ открывается,,Пленка,,Trioplan,"2888631
636122
634522","1:3,5",7.5,,,,,,,
Комсомолец,ЛОМО,Фотоаппарат,1946,1951,СССР,Ленинград,448,306743,,,533,120х75х90,"Двухобъективный, вертикальный",Бокс камера,"Алюминий, эбонит",Форматная,6х6,,Пленка,,Т-21,48107440,"1:6,3",8.0,,,,,,,
Heag IV,Ernemann ,Фотоаппарат,1925,,Германия,,449,,,1267193,805,150х110х40,"Однообъективный, вертикальный",С раздвижным мехом,"Алюминий, эбонит",Форматная,9х12,1210,Пластина,Cronos >Д<,Doppel-Anastigmat,140771,"1:6,8",13.5,"под этим номером другой фотик, перенумеровать описать",,,,,,
Wuncshe Knox,Knox,Фотоаппарат,1906,,Германия,Берлин,450,,,18750,526,160x130x45,"Однообъективный, вертикальный",С раздвижным мехом,"Дерево, кожа, медь",Форматная,9х12,150,Пластина,,Doppel-Anastigmat,17910,,12.0,,,,,,,
Leonar,KAMERAWERK,Фотоаппарат,1910,,Германия,Гамбург,451,,,,693,155x120x50,"Однообъективный, вертикальный",С раздвижным мехом,"Дерево, кожа, сталь",Форматная,9х12,140,Пластина,LEONAR,Periscopischer Anastigmat,,"1:1,1",14,,,,,,,
Heag 00,Ernemann ,Фотоаппарат,1919,,Германия,Дрезден,452,,,270870,556,150x110x45,"Однообъективный, вертикальный",С раздвижным мехом,"Дерево, кожа, сталь",Форматная,9x12,110,Пластина,,Doppel-Objectiv Serie A,176763,,,,,,,,,
Heag IV,Ernemann ,Фотоаппарат,1925,,Германия,Дрезден,453,,,1267193,,,"Однообъективный, вертикальный",С раздвижным мехом,"Алюминий, кожа, сталь",Форматная,9х12,140,Пластина,Cronos >Д<,Doppel-Anastigmat,140771,"1:6,8",13.5,,,,,,,
JRIS cine,,Экспонометр,,,Германия,,454,,,,73,50х40х25,,,,,,,,,,,,,,,,,,,
Belfoca I,BELKA,Фотоаппарат,1951,,Германия,Дрезден,455,,,83323,590,150x85x40,"Однообъективный, вертикальный",С раздвижным мехом,"Алюминий, кожа, сталь",Форматная,6х9,70,Пленка,Prontor-S,Meritar,980852,"1:4,5",10.5,,,,,,,
Ica Bebe,Ica,Фотоаппарат,1911,1925,Германия,Дрезден,456,,,,468,95x65x25,"Однообъективный, горизонтальный",С раздвижным мехом,"Алюминий, кожа, сталь",Форматная,"4,5x6",45,Пластина,Compound,Triotar,755871,"1:3,5",7.5,,,,,,,
Junior 620,Kodak,Фотоаппарат,1937,,Германия,Штутгарт,457,,,,526,150x75x30,"Однообъективный, вертикальный",С раздвижным мехом,"Алюминий, кожа, сталь",Форматная,6х9,65,Пленка,,Kodak-Anastigmat,,"1:7,7",10.5,,,,,,,
Brillant ,Voigtlander,Фотоаппарат,1932,,Германия,,458,,,,543,120x90x85,"Однообъективный, вертикальный",Бокс,"Алюминий, кожа, сталь",Форматная,6х6,,Пленка,,Anastigmat Voigtar,,"1:6,3",7.5,,,,,,,
,Rodenstock,Фотоаппарат,,,,,459,,,,644,155x80x35,"Однообъективный, вертикальный",С раздвижным мехом,"Алюминий, кожа, сталь",Форматная,6х9,60,Пленка,Ibsor,"Anastigmat ""Skopar""",469681,"1:4,5",10.5,,,,,,,
,Kamera-Werkstätten,Фотоаппарат,1920,,Германия,,460,,,24939,705,160x115x35,"Однообъективный, вертикальный",С раздвижным мехом,"Алюминий, кожа, сталь",Форматная,9x12,220,Пластина,Compur,"""Ортагоз""",321645,"1:4,5",13.5,,,,,,,
Kodak Fill № 120,Kodak,Фотоаппарат,1910,,США,,461,,,,516,165x80x35,"Однообъективный, вертикальный",С раздвижным мехом,"Алюминий, кожа, сталь",Форматная,6x9,85,Пленка,,,20498,,,,,,,,,
Свердловск-4,Уральский оптико-механический завод,Экспонометр,1970,1980,СССР,Свердловск,462,,,,118,90х50х20,,,,,,,,,,,,,,,,,,,
HEAG I,Ernemann ,Фотоаппарат,1891,1906,Германия,Дрезден,463,,,,729,150х115х70,"Однообъективный, горизонтальный",С раздвижным мехом,"Дерево, кожа, медь",Форматная,9х12,60,Пластина,,,,,,,,,,,,
 Plate camera,Wanderer Laack Schne.Rathenow,Фотоаппарат,1900,,,,464,,,,1295,180x130x45,"Однообъективный, вертикальный",С раздвижным мехом,"Алюминий, кожа, сталь",Форматная,9x12,110,Пластина,Compur,"""Dialytar"" Serie T",58879,"1:4,5",16.5,,,,,,,
PRIMAR,Kamera Werkstatten,Фотоаппарат,1932,,Германия,Дрезден,465,,,,788,160x115x35,"Однообъективный, вертикальный",С раздвижным мехом,"Алюминий, кожа, сталь",Форматная,9x12,220,Пластина,Compur,Tessar,692882,"1:4,5",13.5,,,,,,,
Ленинград,Завод Вибратор,Экспонометр,1957,,СССР,,466,,,208283,149,70х45х20,,,Пластмасса,,,,,,,,,,,,,,,,
Le jockey,,Бинокль,,,Франция,Париж,467,,,,420,115x115x50,,,"Стекло, кожа, сталь",,,,,,,,,,,,,,,,
Театральный,,Бинокль,,,,,468,,,,90,70х100х40,,,"Стекло, алюминий, пластик",,,,,,,,,,,,,,,,
Театральный бинокль,,Бинокль,,,,,469,,,,182,115х115х40,,,"Стекло, кожа, медь",,,,,,,,,,,,,,,,
Полевой Бинокль,,Бинокль,,,,,470,,,,226,226х115х55,,,"Алюминий, кожа",,,,,,,,,,,,,,,,
Загорский,Загорский завод школьного приборостроения,Диапроектор ,,,CCCР,,475,,,,,320х180х270,,,"Сталь, пластик",,,,,,Триплет,,1:3,10.5,,,,,,,
Фтоснайпер 12,"КМЗ, Красногорский завод им. С. А. Зверева",Фотоаппарат,1982,,СССР,Красногорск,476,,,843093,3165,570х230х135,"Однообъективная, горизонтальная",Жесткий,"Алюминий, пластик, сталь",Малоформатный,"2,4x3,6",,Плёнка типа 135 (35-мм фотоплёнка),,Таир - 3С,9001153,"1:4,5",30,,,,,,,
Aplanatrapid №2,,Фотоаппарат,1890,1910,,,477,,,,1963,340х260х90,"Однообъективный, вертикальный",С раздвижным мехом,"Дерево, кожа, медь",Форматный,12х18,240,Пластина,,Aplanatrapid №2,2593,1:7,21.0,,,,,,,
Bergheil,Zeiss Ikon,Фотоаппарат,1925,,Германия,,478,,,,882,125x100x50,"Однообъективный, вертикальный",С раздвижным мехом,"Алюминий, кожа, сталь",Форматная,9x12,90,Пластина,Compur,Dom.inar-Anastigmat,892516,"1:4,5",10.5,,,,,,,
Зенит-Е,Вилейский завод,Фотоаппарат,1965,1982,СССР,,479,,,,923,140х90х100,"Однообъективный, вертикальный",Жесткий,"Алюминий, эбонит",Малоформатный,"2,4х3,6",,Пленка,,Helios-44-2,79357258,1:2,5.8,,,,,,,
Avus,Voigtlander,Фотоаппарат,1914,1935,Германия,,480,,,,657,120x85x45,"Однообъективный, вертикальный",С раздвижным мехом,"Алюминий, кожа, сталь",Форматная,6x9,170,Пластина,Ibsor,"Anastigmat ""Skopar""",328231,"1:4,5",10.5,,,,,,,
Doppel-Anastigmat,Zeiss Ikon,Фотоаппарат,,,Германия,,481,,,,1111,180х150х50,"Однообъективная, горизонтальная",С раздвижным мехом,"Дерево, кожа, сталь",Форматная,9x12,110,Пластина,Compur,Doppel-Anastigmat Eurynar,"258646
350239","1:6,8",16.5,,,,,,,
Ideal 225,Ica,Фотоаппарат,1920,,Германия,Дрезден,482,,,,1215,160x120x50,"Однообъективный, вертикальный",С раздвижным мехом,"Дерево, кожа, сталь",Форматная,6х9,90,Пластина,Compur,Tessar,"556922
258646","1:4,5",13.5,,,,,,,
ФЭД 5в,"з-д ФЭД, им. Фэликса Эдмундовича Дзержинского",Фотоаппарат,1975,1990,СССР,Харьков,483,,,356431,746,135х90х75,"Однообъективная, горизонтальная",Жесткий,"Алюминий, эбонит",Малоформатный,"2,4х3,6",,Пленка,,И-61Л/Д,9306963,"1:2,8",5.5,,,,,,,
Фотоцвет-4,Славич,Другое,1986,,СССР,,484,,,4278,131,155х105х20,,,Бумага,,,,,,,,,,,,,,,,
Фото бумага,"Ленинградский завод светочувствительных материалов ""Позитив""",Другое,1991,,СССР,,485,,,41936,483,250х185х20,,,,,,,,,,,,,,,,,,,
Фото бумага,"Ленинградский завод светочувствительных материалов ""Позитив""",Другое,1991,,СССР,,486,,,41936,483,250х185х20,,,,,,,,,,,,,,,,,,,
Альбом для фотографий,,Другое,1901,,СССР,,487,,,,394,250х170х15,,,,,,,,,,,,,,,,,,,
Резак для бумаги,,Другое,,,,,488,,,,358,195х75х35,,,,,,,,,,,,,,,,,,,
Зоркий,Красногорский завод им. С. А. Зверева,Фотоаппарат,1948,1956,СССР,"Красногорск, МО",495,,,542452,730,130х75х45,"Однообъективная, горизонтальная",Жесткий,"Алюминий, пластик",Малоформатная,"2,4x3,6",,Плёнка типа 135 (35-мм фотоплёнка),,,,"1:3,5",5,"под этим номером в витрине книга, перенумеровать описать",,,,,,
Ленинград типа Ю11,Завод Вибратор,Экспонометр,1957,,СССР,,496,,,208283,150,65х45х20,,,Бакелит,,,,,,,,,,,,,,,,
Ленинград 2 Ю11/2,Завод Вибратор,Экспонометр,,,СССР,,497,,,370576,80,52х70х22,,,,,,,,,,,,,,,,,,,
Шведские бромосеребряные открытки,Акц. О:во Гранберг в Стокгольме,Набор трафаретов,,,Швеция,,498,,,,,150х100х30,,,,,,,,,,,,,,,,,,,
,Лампа для проявки фотографий,Другое,,,СССР,,502,,,,597,150х120х120,,,,,,,,,,,,,,,,,,,
,Фотовспышка ,Другое,,,СССР,,503,,,,283,160х90х30,,,,,,,,,,,,,,,,,,,
,Фотовспышка,Другое,,,СССР,,504,,,,121,160х90х30,,,,,,,,,,,,,,,,,,,
Loeber,Reisekamera,Фотоаппарат,1890,,Германия,,505,,,,1622,240x170х60,"Однообъективный, вертикальный",С раздвижным мехом,"Дерево, сталь, ткань",Форматный,12x18,410,Пластина,,Hugo Meyer,,,,,,,,,,
Dresden A1,Kamera werkstatten,Фотоаппарат,1920,1938,Германия,,506,,,,780,160х110х20,"Однообъективный, вертикальный",С раздвижным мехом,"Алюминий, кожа, сталь",Форматная,6x9,95,Пластина,Compur,Kreuznach,"158220
258646","1:4,5",13.5,,,,,,,
Baron seguire,Balgenkamera,Фотоаппарат,1839,,,,507,,,,578,120x10x50,"Однообъективный, вертикальный",С раздвижным мехом,"Дерево, кожа, сталь",Форматная,6x9,120,Пластина,Vario,Doppel-Anastigmat ,,"1:6,3",10.5,,,,,,,
Niklas 109,Ica,Фотоаппарат,1920,,Германия,,508,,,,870,130х90х75,"Однообъективный, вертикальный",С раздвижным мехом,"Дерево, кожа, сталь",Форматная,6x9,160,Пластина,Compur,Tessar,"697021
394780","1:4,5",12.0,,,,,,,
Чайка,Музфонд Производственный Комбинат,Стереоскоп (набор),1960,,СССР,Москва,509,,,,,110х110х10,,,Картон,,,,,,,,,,,,,,,,
Киев 30,Арсенал,Фотоаппарат,1975,1987,СССР ,Киев,510,,,8295230,179,85х45х25,"Однообъективный, горизонтальный",Жесткий,Алюминий,Микроформатная,"1,3х1,7",,Плёнка типа 110 (16-мм фотоплёнка),,"Индустар М 3,5/24",,"1:3,5","2,3",,,,,,,
 Delta 3200 (black & white film),Ilford,Фотопленка,1998,,Англия,,511,,,,,,,,,,,,,,,,,,,,,,,,
Harman technology SFX 200 (black & white film),Ilford,Фотопленка,,,Англия,,512,,,,,,,,,,,,,,,,,,,,,,,,
Fortepan 100,Forte,Фотопленка,2008,,Венгрия,,513,,,,,,,,,,,,,,,,,,,,,,,,
Superia x-tra 400 ,Fujifilm,Фотопленка,,,Япония,,514,,,,,,,,,,,,,,,,,,,,,,,,
Professional BW 400 CN,Kodak,Фотопленка,2007,,США,,515,,,,,,,,,,,,,,,,,,,,,,,,
Смена Символ,ЛОМО,Фотоаппарат,1971,1991,СССР ,Ленинград,516,,,,382,110х80х60,"Однообъективный, горизонтальный",Жесткий,"Алюминий, пластик",Малоформатная,"2,4×3,6",,Плёнка,,Триплет «Т-43»,,1:4,16,"под этим же номером книга в витрине 3 с бабочкой, заменить на ней номер и описать",,,,,,
Miroflex,Zeiss Ikon,Фотоаппарат,1926,1936,США,,517,,,,2252,175х280х70,"Однообъективный, горизонтальный",С раздвижным мехом,"Дерево, кожа, сталь",Форматная,9х12,80,Пластина,,Tessar,544640,"1:4,5",15.0,"под этим же номером открытки , перенумеровать их и описать",,,,,,
Onestep close-up,Polaroid  Совместном предприятии «Светозор»,Фотоаппарат,1989,1990,СССР ,Москва,518,,,,644,120×95×145,"Однообъективный, горизонтальный",Жесткий,Пластмасса,Форматная,8x8,,фотоматериал «Polaroid 600 film»,,,,1:4,10.0,"под этим номером в витрине есть фотобумага, перенумеровать и описать",,,,,,
"Шпионский ""Сигареты Славутич""",Арсенал,Фотоаппарат,,,СССР,Киев,519,,,,201,85х55х25,"Однообъективная, горизонтальная",Жесткий,"Алюминий, пластик",Микроформатная,"1,3х1,7",,Плёнка типа 110 (16-мм фотоплёнка),,Индустар М,,"1:3,5","2,3","нет фото ,залить на сайт",,,,,,
Смена Символ,ЛОМО,Фотоаппарат,1971,1991,СССР ,Ленинград,520,,,,382,110х80х60,"Однообъективный, горизонтальный",Жесткий,"Алюминий, пластик",Малоформатная,"2,4×3,6",,Плёнка,,Триплет «Т-43»,,1:4,16,"под этим номером в витрине есть еще фотобумага, перенумеровать и описать",,,,,,
Minimal,Koilos,Фотоаппарат,1912,,Германия,,521,,,,753,145x115x40,"Однообъективный, вертикальный",С раздвижным мехом,"Дерево, кожа, сталь",Форматная,6x9,,Пластина,,Mars-Anastigmat,,,,,,,,,,
Набор химикатов,Ступинский химический завод,Другое,1990,,Россия,Ступино,524,,,,,,,,,,,,,,,,,,,,,,,,
Фиксаж кислый,Ступинский химический завод,Другое,1992,,Россия,Ступино,525,,,,,,,,,,,,,,,,,,,,,,,,
Метоловый мелкозернистый проявитель,Ступинский химический завод,Другое,1992,,Россия,Ступино,526,,,,,,,,,,,,,,,,,,,,,,,,
Метоловый мелкозернистый проявитель Стандартный №2,Ступинский химический завод,Другое,1993,,Россия,Ступино,527,,,,,,,,,,,,,,,,,,,,,,,,
"Стандарт титры (фиксалы, нормадозы)",Завод РИАЛ,Другое,1979,,СССР ,Киев,528,,,,,,,,,,,,,,,,,,,,,,,,
Ansco (Shur Shot),Agfa,Фотоаппарат,1948,,США,Нью-Йорк,529,,,,370,125х100х80,Бокс,Жесткий,"Алюминий, кожа",Форматная,6x9,,Плёнка,,,,1:6,13.0,,,,,,,
